$__.strictMode,$__.selected,$__.shardval,$__.saveError,$__.validationError,$__.adhocPaths,$__.removing,$__.inserting,$__.saving,$__.version,$__.getters,$__._id._bsontype,$__._id.id.0,$__._id.id.1,$__._id.id.2,$__._id.id.3,$__._id.id.4,$__._id.id.5,$__._id.id.6,$__._id.id.7,$__._id.id.8,$__._id.id.9,$__._id.id.10,$__._id.id.11,$__.populate,$__.populated,$__.wasPopulated,$__.scope,$__.activePaths.paths._id,$__.activePaths.paths.hub,$__.activePaths.paths.taskNumber,$__.activePaths.paths.taskName,$__.activePaths.paths.status,$__.activePaths.paths.createdAt,$__.activePaths.paths.updatedAt,$__.activePaths.paths.__v,$__.activePaths.states.ignore,$__.activePaths.states.default,$__.activePaths.states.init._id,$__.activePaths.states.init.hub,$__.activePaths.states.init.taskNumber,$__.activePaths.states.init.taskName,$__.activePaths.states.init.status,$__.activePaths.states.init.createdAt,$__.activePaths.states.init.updatedAt,$__.activePaths.states.init.__v,$__.activePaths.states.modify,$__.activePaths.states.require,$__.activePaths.stateNames,$__.pathsToScopes,$__.cachedRequired,$__.session,$__.$setCalled,$__.ownerDocument,$__.fullPath,$__.emitter._events,$__.emitter._eventsCount,$__.emitter._maxListeners,$__.$options.skipId,$__.$options.isNew,$__.$options.willInit,$__.$options.defaults,isNew,errors,$locals,$op,_doc._id._bsontype,_doc._id.id.0,_doc._id.id.1,_doc._id.id.2,_doc._id.id.3,_doc._id.id.4,_doc._id.id.5,_doc._id.id.6,_doc._id.id.7,_doc._id.id.8,_doc._id.id.9,_doc._id.id.10,_doc._id.id.11,_doc.hub,_doc.taskNumber,_doc.taskName,_doc.status,_doc.createdAt,_doc.updatedAt,_doc.__v,$init
true,{},undefined,undefined,undefined,undefined,undefined,undefined,undefined,undefined,{},ObjectID,97,195,104,210,33,187,180,65,88,85,132,14,undefined,undefined,false,undefined,init,init,init,init,init,init,init,init,{},{},true,true,true,true,true,true,true,true,{},{},"[""require"",""modify"",""init"",""default"",""ignore""]",{},{},null,{},undefined,undefined,{},0,0,true,false,true,true,false,undefined,{},null,ObjectID,97,195,104,210,33,187,180,65,88,85,132,14,Unilever,519,Sumarizao de Produtos,Parada,Wed Dec 22 2021 15:05:06 GMT-0300 (GMT-03:00),Wed Dec 22 2021 15:05:06 GMT-0300 (GMT-03:00),0,true
true,{},undefined,undefined,undefined,undefined,undefined,undefined,undefined,undefined,{},ObjectID,97,195,104,210,33,187,180,65,88,85,132,15,undefined,undefined,false,undefined,init,init,init,init,init,init,init,init,{},{},true,true,true,true,true,true,true,true,{},{},"[""require"",""modify"",""init"",""default"",""ignore""]",{},{},null,{},undefined,undefined,{},0,0,true,false,true,true,false,undefined,{},null,ObjectID,97,195,104,210,33,187,180,65,88,85,132,15,Unilever,186,Integração Notificação Cliente,Parada,Wed Dec 22 2021 15:05:06 GMT-0300 (GMT-03:00),Wed Dec 22 2021 15:05:06 GMT-0300 (GMT-03:00),0,true
true,{},undefined,undefined,undefined,undefined,undefined,undefined,undefined,undefined,{},ObjectID,97,195,104,210,33,187,180,65,88,85,132,16,undefined,undefined,false,undefined,init,init,init,init,init,init,init,init,{},{},true,true,true,true,true,true,true,true,{},{},"[""require"",""modify"",""init"",""default"",""ignore""]",{},{},null,{},undefined,undefined,{},0,0,true,false,true,true,false,undefined,{},null,ObjectID,97,195,104,210,33,187,180,65,88,85,132,16,Food,183,Integração Limite de Crédito,Parada,Wed Dec 22 2021 15:05:06 GMT-0300 (GMT-03:00),Wed Dec 22 2021 15:05:06 GMT-0300 (GMT-03:00),0,true
true,{},undefined,undefined,undefined,undefined,undefined,undefined,undefined,undefined,{},ObjectID,97,195,104,210,33,187,180,65,88,85,132,17,undefined,undefined,false,undefined,init,init,init,init,init,init,init,init,{},{},true,true,true,true,true,true,true,true,{},{},"[""require"",""modify"",""init"",""default"",""ignore""]",{},{},null,{},undefined,undefined,{},0,0,true,false,true,true,false,undefined,{},null,ObjectID,97,195,104,210,33,187,180,65,88,85,132,17,Middleware,324,Estoque para loja,Atrasada,Wed Dec 22 2021 15:05:06 GMT-0300 (GMT-03:00),Wed Dec 22 2021 15:05:06 GMT-0300 (GMT-03:00),0,true
true,{},undefined,undefined,undefined,undefined,undefined,undefined,undefined,undefined,{},ObjectID,97,195,104,210,33,187,180,65,88,85,132,18,undefined,undefined,false,undefined,init,init,init,init,init,init,init,init,{},{},true,true,true,true,true,true,true,true,{},{},"[""require"",""modify"",""init"",""default"",""ignore""]",{},{},null,{},undefined,undefined,{},0,0,true,false,true,true,false,undefined,{},null,ObjectID,97,195,104,210,33,187,180,65,88,85,132,18,Vila Nova,206,Alimentar PedidosBI Hora,Normalizada,Wed Dec 22 2021 15:05:06 GMT-0300 (GMT-03:00),Wed Dec 22 2021 15:05:06 GMT-0300 (GMT-03:00),0,true
true,{},undefined,undefined,undefined,undefined,undefined,undefined,undefined,undefined,{},ObjectID,97,195,104,210,33,187,180,65,88,85,132,19,undefined,undefined,false,undefined,init,init,init,init,init,init,init,init,{},{},true,true,true,true,true,true,true,true,{},{},"[""require"",""modify"",""init"",""default"",""ignore""]",{},{},null,{},undefined,undefined,{},0,0,true,false,true,true,false,undefined,{},null,ObjectID,97,195,104,210,33,187,180,65,88,85,132,19,Vila Nova,207,Alimentar PedidosBI Dia,Normalizada,Wed Dec 22 2021 15:05:06 GMT-0300 (GMT-03:00),Wed Dec 22 2021 15:05:06 GMT-0300 (GMT-03:00),0,true
true,{},undefined,undefined,undefined,undefined,undefined,undefined,undefined,undefined,{},ObjectID,97,195,104,210,33,187,180,65,88,85,132,20,undefined,undefined,false,undefined,init,init,init,init,init,init,init,init,{},{},true,true,true,true,true,true,true,true,{},{},"[""require"",""modify"",""init"",""default"",""ignore""]",{},{},null,{},undefined,undefined,{},0,0,true,false,true,true,false,undefined,{},null,ObjectID,97,195,104,210,33,187,180,65,88,85,132,20,Coty - Loja do Varejo,205,Alimentar Pedido Hora,Parada,Wed Dec 22 2021 15:05:06 GMT-0300 (GMT-03:00),Wed Dec 22 2021 15:05:06 GMT-0300 (GMT-03:00),0,true
true,{},undefined,undefined,undefined,undefined,undefined,undefined,undefined,undefined,{},ObjectID,97,195,104,210,33,187,180,65,88,85,132,21,undefined,undefined,false,undefined,init,init,init,init,init,init,init,init,{},{},true,true,true,true,true,true,true,true,{},{},"[""require"",""modify"",""init"",""default"",""ignore""]",{},{},null,{},undefined,undefined,{},0,0,true,false,true,true,false,undefined,{},null,ObjectID,97,195,104,210,33,187,180,65,88,85,132,21,Coty - Loja do Varejo,207,Alimentar PedidosBI Dia,Parada,Wed Dec 22 2021 15:05:06 GMT-0300 (GMT-03:00),Wed Dec 22 2021 15:05:06 GMT-0300 (GMT-03:00),0,true
true,{},undefined,undefined,undefined,undefined,undefined,undefined,undefined,undefined,{},ObjectID,97,195,104,210,33,187,180,65,88,85,132,22,undefined,undefined,false,undefined,init,init,init,init,init,init,init,init,{},{},true,true,true,true,true,true,true,true,{},{},"[""require"",""modify"",""init"",""default"",""ignore""]",{},{},null,{},undefined,undefined,{},0,0,true,false,true,true,false,undefined,{},null,ObjectID,97,195,104,210,33,187,180,65,88,85,132,22,Coty - Loja do Varejo,208,Envio automático de relatórios,Parada,Wed Dec 22 2021 15:05:06 GMT-0300 (GMT-03:00),Wed Dec 22 2021 15:05:06 GMT-0300 (GMT-03:00),0,true
true,{},undefined,undefined,undefined,undefined,undefined,undefined,undefined,undefined,{},ObjectID,97,195,104,210,33,187,180,65,88,85,132,23,undefined,undefined,false,undefined,init,init,init,init,init,init,init,init,{},{},true,true,true,true,true,true,true,true,{},{},"[""require"",""modify"",""init"",""default"",""ignore""]",{},{},null,{},undefined,undefined,{},0,0,true,false,true,true,false,undefined,{},null,ObjectID,97,195,104,210,33,187,180,65,88,85,132,23,Coty - Loja do Varejo,188,Importar Produtos,Parada,Wed Dec 22 2021 15:05:06 GMT-0300 (GMT-03:00),Wed Dec 22 2021 15:05:06 GMT-0300 (GMT-03:00),0,true
true,{},undefined,undefined,undefined,undefined,undefined,undefined,undefined,undefined,{},ObjectID,97,195,107,102,33,187,180,65,88,85,132,45,undefined,undefined,false,undefined,init,init,init,init,init,init,init,init,{},{},true,true,true,true,true,true,true,true,{},{},"[""require"",""modify"",""init"",""default"",""ignore""]",{},{},null,{},undefined,undefined,{},0,0,true,false,true,true,false,undefined,{},null,ObjectID,97,195,107,102,33,187,180,65,88,85,132,45,Unilever,402,Atualizar Cliente TradeMaster,Atrasada,Wed Dec 22 2021 15:16:06 GMT-0300 (GMT-03:00),Wed Dec 22 2021 15:16:06 GMT-0300 (GMT-03:00),0,true
true,{},undefined,undefined,undefined,undefined,undefined,undefined,undefined,undefined,{},ObjectID,97,195,108,26,33,187,180,65,88,85,132,50,undefined,undefined,false,undefined,init,init,init,init,init,init,init,init,{},{},true,true,true,true,true,true,true,true,{},{},"[""require"",""modify"",""init"",""default"",""ignore""]",{},{},null,{},undefined,undefined,{},0,0,true,false,true,true,false,undefined,{},null,ObjectID,97,195,108,26,33,187,180,65,88,85,132,50,Unilever,402,Atualizar Cliente TradeMaster,Normalizada,Wed Dec 22 2021 15:19:06 GMT-0300 (GMT-03:00),Wed Dec 22 2021 15:19:06 GMT-0300 (GMT-03:00),0,true
true,{},undefined,undefined,undefined,undefined,undefined,undefined,undefined,undefined,{},ObjectID,97,195,109,70,33,187,180,65,88,85,132,57,undefined,undefined,false,undefined,init,init,init,init,init,init,init,init,{},{},true,true,true,true,true,true,true,true,{},{},"[""require"",""modify"",""init"",""default"",""ignore""]",{},{},null,{},undefined,undefined,{},0,0,true,false,true,true,false,undefined,{},null,ObjectID,97,195,109,70,33,187,180,65,88,85,132,57,Unilever,402,Atualizar Cliente TradeMaster,Atrasada,Wed Dec 22 2021 15:24:06 GMT-0300 (GMT-03:00),Wed Dec 22 2021 15:24:06 GMT-0300 (GMT-03:00),0,true
true,{},undefined,undefined,undefined,undefined,undefined,undefined,undefined,undefined,{},ObjectID,97,195,109,70,33,187,180,65,88,85,132,58,undefined,undefined,false,undefined,init,init,init,init,init,init,init,init,{},{},true,true,true,true,true,true,true,true,{},{},"[""require"",""modify"",""init"",""default"",""ignore""]",{},{},null,{},undefined,undefined,{},0,0,true,false,true,true,false,undefined,{},null,ObjectID,97,195,109,70,33,187,180,65,88,85,132,58,Middleware,324,Estoque para loja,Normalizada,Wed Dec 22 2021 15:24:06 GMT-0300 (GMT-03:00),Wed Dec 22 2021 15:24:06 GMT-0300 (GMT-03:00),0,true
true,{},undefined,undefined,undefined,undefined,undefined,undefined,undefined,undefined,{},ObjectID,97,195,109,250,33,187,180,65,88,85,132,64,undefined,undefined,false,undefined,init,init,init,init,init,init,init,init,{},{},true,true,true,true,true,true,true,true,{},{},"[""require"",""modify"",""init"",""default"",""ignore""]",{},{},null,{},undefined,undefined,{},0,0,true,false,true,true,false,undefined,{},null,ObjectID,97,195,109,250,33,187,180,65,88,85,132,64,Unilever,402,Atualizar Cliente TradeMaster,Normalizada,Wed Dec 22 2021 15:27:06 GMT-0300 (GMT-03:00),Wed Dec 22 2021 15:27:06 GMT-0300 (GMT-03:00),0,true
true,{},undefined,undefined,undefined,undefined,undefined,undefined,undefined,undefined,{},ObjectID,97,195,110,114,33,187,180,65,88,85,132,68,undefined,undefined,false,undefined,init,init,init,init,init,init,init,init,{},{},true,true,true,true,true,true,true,true,{},{},"[""require"",""modify"",""init"",""default"",""ignore""]",{},{},null,{},undefined,undefined,{},0,0,true,false,true,true,false,undefined,{},null,ObjectID,97,195,110,114,33,187,180,65,88,85,132,68,Middleware,324,Estoque para loja,Atrasada,Wed Dec 22 2021 15:29:06 GMT-0300 (GMT-03:00),Wed Dec 22 2021 15:29:06 GMT-0300 (GMT-03:00),0,true
true,{},undefined,undefined,undefined,undefined,undefined,undefined,undefined,undefined,{},ObjectID,97,195,111,38,33,187,180,65,88,85,132,73,undefined,undefined,false,undefined,init,init,init,init,init,init,init,init,{},{},true,true,true,true,true,true,true,true,{},{},"[""require"",""modify"",""init"",""default"",""ignore""]",{},{},null,{},undefined,undefined,{},0,0,true,false,true,true,false,undefined,{},null,ObjectID,97,195,111,38,33,187,180,65,88,85,132,73,Unilever,402,Atualizar Cliente TradeMaster,Atrasada,Wed Dec 22 2021 15:32:06 GMT-0300 (GMT-03:00),Wed Dec 22 2021 15:32:06 GMT-0300 (GMT-03:00),0,true
true,{},undefined,undefined,undefined,undefined,undefined,undefined,undefined,undefined,{},ObjectID,97,195,111,218,33,187,180,65,88,85,132,78,undefined,undefined,false,undefined,init,init,init,init,init,init,init,init,{},{},true,true,true,true,true,true,true,true,{},{},"[""require"",""modify"",""init"",""default"",""ignore""]",{},{},null,{},undefined,undefined,{},0,0,true,false,true,true,false,undefined,{},null,ObjectID,97,195,111,218,33,187,180,65,88,85,132,78,Unilever,402,Atualizar Cliente TradeMaster,Normalizada,Wed Dec 22 2021 15:35:06 GMT-0300 (GMT-03:00),Wed Dec 22 2021 15:35:06 GMT-0300 (GMT-03:00),0,true
true,{},undefined,undefined,undefined,undefined,undefined,undefined,undefined,undefined,{},ObjectID,97,195,113,6,33,187,180,65,88,85,132,86,undefined,undefined,false,undefined,init,init,init,init,init,init,init,init,{},{},true,true,true,true,true,true,true,true,{},{},"[""require"",""modify"",""init"",""default"",""ignore""]",{},{},null,{},undefined,undefined,{},0,0,true,false,true,true,false,undefined,{},null,ObjectID,97,195,113,6,33,187,180,65,88,85,132,86,Unilever,402,Atualizar Cliente TradeMaster,Atrasada,Wed Dec 22 2021 15:40:06 GMT-0300 (GMT-03:00),Wed Dec 22 2021 15:40:06 GMT-0300 (GMT-03:00),0,true
true,{},undefined,undefined,undefined,undefined,undefined,undefined,undefined,undefined,{},ObjectID,97,195,113,186,33,187,180,65,88,85,132,91,undefined,undefined,false,undefined,init,init,init,init,init,init,init,init,{},{},true,true,true,true,true,true,true,true,{},{},"[""require"",""modify"",""init"",""default"",""ignore""]",{},{},null,{},undefined,undefined,{},0,0,true,false,true,true,false,undefined,{},null,ObjectID,97,195,113,186,33,187,180,65,88,85,132,91,Unilever,402,Atualizar Cliente TradeMaster,Normalizada,Wed Dec 22 2021 15:43:06 GMT-0300 (GMT-03:00),Wed Dec 22 2021 15:43:06 GMT-0300 (GMT-03:00),0,true
true,{},undefined,undefined,undefined,undefined,undefined,undefined,undefined,undefined,{},ObjectID,97,195,114,170,33,187,180,65,88,85,132,97,undefined,undefined,false,undefined,init,init,init,init,init,init,init,init,{},{},true,true,true,true,true,true,true,true,{},{},"[""require"",""modify"",""init"",""default"",""ignore""]",{},{},null,{},undefined,undefined,{},0,0,true,false,true,true,false,undefined,{},null,ObjectID,97,195,114,170,33,187,180,65,88,85,132,97,Josapar,205,Alimentar Pedido Hora,Parada,Wed Dec 22 2021 15:47:06 GMT-0300 (GMT-03:00),Wed Dec 22 2021 15:47:06 GMT-0300 (GMT-03:00),0,true
true,{},undefined,undefined,undefined,undefined,undefined,undefined,undefined,undefined,{},ObjectID,97,195,114,170,33,187,180,65,88,85,132,98,undefined,undefined,false,undefined,init,init,init,init,init,init,init,init,{},{},true,true,true,true,true,true,true,true,{},{},"[""require"",""modify"",""init"",""default"",""ignore""]",{},{},null,{},undefined,undefined,{},0,0,true,false,true,true,false,undefined,{},null,ObjectID,97,195,114,170,33,187,180,65,88,85,132,98,Josapar,207,Alimentar PedidosBI Dia,Parada,Wed Dec 22 2021 15:47:06 GMT-0300 (GMT-03:00),Wed Dec 22 2021 15:47:06 GMT-0300 (GMT-03:00),0,true
true,{},undefined,undefined,undefined,undefined,undefined,undefined,undefined,undefined,{},ObjectID,97,195,114,230,33,187,180,65,88,85,132,102,undefined,undefined,false,undefined,init,init,init,init,init,init,init,init,{},{},true,true,true,true,true,true,true,true,{},{},"[""require"",""modify"",""init"",""default"",""ignore""]",{},{},null,{},undefined,undefined,{},0,0,true,false,true,true,false,undefined,{},null,ObjectID,97,195,114,230,33,187,180,65,88,85,132,102,Unilever,402,Atualizar Cliente TradeMaster,Atrasada,Wed Dec 22 2021 15:48:06 GMT-0300 (GMT-03:00),Wed Dec 22 2021 15:48:06 GMT-0300 (GMT-03:00),0,true
true,{},undefined,undefined,undefined,undefined,undefined,undefined,undefined,undefined,{},ObjectID,97,195,115,154,33,187,180,65,88,85,132,107,undefined,undefined,false,undefined,init,init,init,init,init,init,init,init,{},{},true,true,true,true,true,true,true,true,{},{},"[""require"",""modify"",""init"",""default"",""ignore""]",{},{},null,{},undefined,undefined,{},0,0,true,false,true,true,false,undefined,{},null,ObjectID,97,195,115,154,33,187,180,65,88,85,132,107,Unilever,402,Atualizar Cliente TradeMaster,Normalizada,Wed Dec 22 2021 15:51:06 GMT-0300 (GMT-03:00),Wed Dec 22 2021 15:51:06 GMT-0300 (GMT-03:00),0,true
true,{},undefined,undefined,undefined,undefined,undefined,undefined,undefined,undefined,{},ObjectID,97,195,116,138,33,187,180,65,88,85,132,113,undefined,undefined,false,undefined,init,init,init,init,init,init,init,init,{},{},true,true,true,true,true,true,true,true,{},{},"[""require"",""modify"",""init"",""default"",""ignore""]",{},{},null,{},undefined,undefined,{},0,0,true,false,true,true,false,undefined,{},null,ObjectID,97,195,116,138,33,187,180,65,88,85,132,113,Middleware,324,Estoque para loja,Normalizada,Wed Dec 22 2021 15:55:06 GMT-0300 (GMT-03:00),Wed Dec 22 2021 15:55:06 GMT-0300 (GMT-03:00),0,true
true,{},undefined,undefined,undefined,undefined,undefined,undefined,undefined,undefined,{},ObjectID,97,195,116,198,33,187,180,65,88,85,132,116,undefined,undefined,false,undefined,init,init,init,init,init,init,init,init,{},{},true,true,true,true,true,true,true,true,{},{},"[""require"",""modify"",""init"",""default"",""ignore""]",{},{},null,{},undefined,undefined,{},0,0,true,false,true,true,false,undefined,{},null,ObjectID,97,195,116,198,33,187,180,65,88,85,132,116,Unilever,402,Atualizar Cliente TradeMaster,Atrasada,Wed Dec 22 2021 15:56:06 GMT-0300 (GMT-03:00),Wed Dec 22 2021 15:56:06 GMT-0300 (GMT-03:00),0,true
true,{},undefined,undefined,undefined,undefined,undefined,undefined,undefined,undefined,{},ObjectID,97,195,117,62,68,8,253,83,60,198,92,35,undefined,undefined,false,undefined,init,init,init,init,init,init,init,init,{},{},true,true,true,true,true,true,true,true,{},{},"[""require"",""modify"",""init"",""default"",""ignore""]",{},{},null,{},undefined,undefined,{},0,0,true,false,true,true,false,undefined,{},null,ObjectID,97,195,117,62,68,8,253,83,60,198,92,35,Unilever,402,Atualizar Cliente TradeMaster,Normalizada,Wed Dec 22 2021 15:58:06 GMT-0300 (GMT-03:00),Wed Dec 22 2021 15:58:06 GMT-0300 (GMT-03:00),0,true
true,{},undefined,undefined,undefined,undefined,undefined,undefined,undefined,undefined,{},ObjectID,97,195,117,182,181,222,210,82,220,37,244,47,undefined,undefined,false,undefined,init,init,init,init,init,init,init,init,{},{},true,true,true,true,true,true,true,true,{},{},"[""require"",""modify"",""init"",""default"",""ignore""]",{},{},null,{},undefined,undefined,{},0,0,true,false,true,true,false,undefined,{},null,ObjectID,97,195,117,182,181,222,210,82,220,37,244,47,Unilever,185,Importar Cliente,Normalizada,Wed Dec 22 2021 16:00:06 GMT-0300 (GMT-03:00),Wed Dec 22 2021 16:00:06 GMT-0300 (GMT-03:00),0,true
true,{},undefined,undefined,undefined,undefined,undefined,undefined,undefined,undefined,{},ObjectID,97,195,117,182,181,222,210,82,220,37,244,48,undefined,undefined,false,undefined,init,init,init,init,init,init,init,init,{},{},true,true,true,true,true,true,true,true,{},{},"[""require"",""modify"",""init"",""default"",""ignore""]",{},{},null,{},undefined,undefined,{},0,0,true,false,true,true,false,undefined,{},null,ObjectID,97,195,117,182,181,222,210,82,220,37,244,48,Middleware,324,Estoque para loja,Atrasada,Wed Dec 22 2021 16:00:06 GMT-0300 (GMT-03:00),Wed Dec 22 2021 16:00:06 GMT-0300 (GMT-03:00),0,true
true,{},undefined,undefined,undefined,undefined,undefined,undefined,undefined,undefined,{},ObjectID,97,195,118,166,181,222,210,82,220,37,244,55,undefined,undefined,false,undefined,init,init,init,init,init,init,init,init,{},{},true,true,true,true,true,true,true,true,{},{},"[""require"",""modify"",""init"",""default"",""ignore""]",{},{},null,{},undefined,undefined,{},0,0,true,false,true,true,false,undefined,{},null,ObjectID,97,195,118,166,181,222,210,82,220,37,244,55,Unilever,402,Atualizar Cliente TradeMaster,Atrasada,Wed Dec 22 2021 16:04:06 GMT-0300 (GMT-03:00),Wed Dec 22 2021 16:04:06 GMT-0300 (GMT-03:00),0,true
true,{},undefined,undefined,undefined,undefined,undefined,undefined,undefined,undefined,{},ObjectID,97,195,118,226,181,222,210,82,220,37,244,58,undefined,undefined,false,undefined,init,init,init,init,init,init,init,init,{},{},true,true,true,true,true,true,true,true,{},{},"[""require"",""modify"",""init"",""default"",""ignore""]",{},{},null,{},undefined,undefined,{},0,0,true,false,true,true,false,undefined,{},null,ObjectID,97,195,118,226,181,222,210,82,220,37,244,58,Unilever,185,Importar Cliente,Atrasada,Wed Dec 22 2021 16:05:06 GMT-0300 (GMT-03:00),Wed Dec 22 2021 16:05:06 GMT-0300 (GMT-03:00),0,true
true,{},undefined,undefined,undefined,undefined,undefined,undefined,undefined,undefined,{},ObjectID,97,195,119,90,181,222,210,82,220,37,244,62,undefined,undefined,false,undefined,init,init,init,init,init,init,init,init,{},{},true,true,true,true,true,true,true,true,{},{},"[""require"",""modify"",""init"",""default"",""ignore""]",{},{},null,{},undefined,undefined,{},0,0,true,false,true,true,false,undefined,{},null,ObjectID,97,195,119,90,181,222,210,82,220,37,244,62,Unilever,402,Atualizar Cliente TradeMaster,Normalizada,Wed Dec 22 2021 16:07:06 GMT-0300 (GMT-03:00),Wed Dec 22 2021 16:07:06 GMT-0300 (GMT-03:00),0,true
true,{},undefined,undefined,undefined,undefined,undefined,undefined,undefined,undefined,{},ObjectID,97,195,119,210,181,222,210,82,220,37,244,66,undefined,undefined,false,undefined,init,init,init,init,init,init,init,init,{},{},true,true,true,true,true,true,true,true,{},{},"[""require"",""modify"",""init"",""default"",""ignore""]",{},{},null,{},undefined,undefined,{},0,0,true,false,true,true,false,undefined,{},null,ObjectID,97,195,119,210,181,222,210,82,220,37,244,66,Middleware,198,Integração de Política de Preço,Atrasada,Wed Dec 22 2021 16:09:06 GMT-0300 (GMT-03:00),Wed Dec 22 2021 16:09:06 GMT-0300 (GMT-03:00),0,true
true,{},undefined,undefined,undefined,undefined,undefined,undefined,undefined,undefined,{},ObjectID,97,195,120,134,12,178,112,142,96,13,213,245,undefined,undefined,false,undefined,init,init,init,init,init,init,init,init,{},{},true,true,true,true,true,true,true,true,{},{},"[""require"",""modify"",""init"",""default"",""ignore""]",{},{},null,{},undefined,undefined,{},0,0,true,false,true,true,false,undefined,{},null,ObjectID,97,195,120,134,12,178,112,142,96,13,213,245,Unilever,402,Atualizar Cliente TradeMaster,Atrasada,Wed Dec 22 2021 16:12:06 GMT-0300 (GMT-03:00),Wed Dec 22 2021 16:12:06 GMT-0300 (GMT-03:00),0,true
true,{},undefined,undefined,undefined,undefined,undefined,undefined,undefined,undefined,{},ObjectID,97,195,120,134,12,178,112,142,96,13,213,246,undefined,undefined,false,undefined,init,init,init,init,init,init,init,init,{},{},true,true,true,true,true,true,true,true,{},{},"[""require"",""modify"",""init"",""default"",""ignore""]",{},{},null,{},undefined,undefined,{},0,0,true,false,true,true,false,undefined,{},null,ObjectID,97,195,120,134,12,178,112,142,96,13,213,246,Middleware,198,Integração de Política de Preço,Normalizada,Wed Dec 22 2021 16:12:06 GMT-0300 (GMT-03:00),Wed Dec 22 2021 16:12:06 GMT-0300 (GMT-03:00),0,true
true,{},undefined,undefined,undefined,undefined,undefined,undefined,undefined,undefined,{},ObjectID,97,195,121,58,12,178,112,142,96,13,213,252,undefined,undefined,false,undefined,init,init,init,init,init,init,init,init,{},{},true,true,true,true,true,true,true,true,{},{},"[""require"",""modify"",""init"",""default"",""ignore""]",{},{},null,{},undefined,undefined,{},0,0,true,false,true,true,false,undefined,{},null,ObjectID,97,195,121,58,12,178,112,142,96,13,213,252,Unilever,402,Atualizar Cliente TradeMaster,Normalizada,Wed Dec 22 2021 16:15:06 GMT-0300 (GMT-03:00),Wed Dec 22 2021 16:15:06 GMT-0300 (GMT-03:00),0,true
true,{},undefined,undefined,undefined,undefined,undefined,undefined,undefined,undefined,{},ObjectID,97,195,121,178,12,178,112,142,96,13,214,1,undefined,undefined,false,undefined,init,init,init,init,init,init,init,init,{},{},true,true,true,true,true,true,true,true,{},{},"[""require"",""modify"",""init"",""default"",""ignore""]",{},{},null,{},undefined,undefined,{},0,0,true,false,true,true,false,undefined,{},null,ObjectID,97,195,121,178,12,178,112,142,96,13,214,1,Middleware,198,Integração de Política de Preço,Atrasada,Wed Dec 22 2021 16:17:06 GMT-0300 (GMT-03:00),Wed Dec 22 2021 16:17:06 GMT-0300 (GMT-03:00),0,true
true,{},undefined,undefined,undefined,undefined,undefined,undefined,undefined,undefined,{},ObjectID,97,195,122,42,12,178,112,142,96,13,214,5,undefined,undefined,false,undefined,init,init,init,init,init,init,init,init,{},{},true,true,true,true,true,true,true,true,{},{},"[""require"",""modify"",""init"",""default"",""ignore""]",{},{},null,{},undefined,undefined,{},0,0,true,false,true,true,false,undefined,{},null,ObjectID,97,195,122,42,12,178,112,142,96,13,214,5,Food,198,Integração de Política de Preço,Atrasada,Wed Dec 22 2021 16:19:06 GMT-0300 (GMT-03:00),Wed Dec 22 2021 16:19:06 GMT-0300 (GMT-03:00),0,true
true,{},undefined,undefined,undefined,undefined,undefined,undefined,undefined,undefined,{},ObjectID,97,195,122,42,12,178,112,142,96,13,214,6,undefined,undefined,false,undefined,init,init,init,init,init,init,init,init,{},{},true,true,true,true,true,true,true,true,{},{},"[""require"",""modify"",""init"",""default"",""ignore""]",{},{},null,{},undefined,undefined,{},0,0,true,false,true,true,false,undefined,{},null,ObjectID,97,195,122,42,12,178,112,142,96,13,214,6,Middleware,198,Integração de Política de Preço,Normalizada,Wed Dec 22 2021 16:19:06 GMT-0300 (GMT-03:00),Wed Dec 22 2021 16:19:06 GMT-0300 (GMT-03:00),0,true
true,{},undefined,undefined,undefined,undefined,undefined,undefined,undefined,undefined,{},ObjectID,97,195,122,102,12,178,112,142,96,13,214,10,undefined,undefined,false,undefined,init,init,init,init,init,init,init,init,{},{},true,true,true,true,true,true,true,true,{},{},"[""require"",""modify"",""init"",""default"",""ignore""]",{},{},null,{},undefined,undefined,{},0,0,true,false,true,true,false,undefined,{},null,ObjectID,97,195,122,102,12,178,112,142,96,13,214,10,Unilever,402,Atualizar Cliente TradeMaster,Atrasada,Wed Dec 22 2021 16:20:06 GMT-0300 (GMT-03:00),Wed Dec 22 2021 16:20:06 GMT-0300 (GMT-03:00),0,true
true,{},undefined,undefined,undefined,undefined,undefined,undefined,undefined,undefined,{},ObjectID,97,195,122,162,12,178,112,142,96,13,214,13,undefined,undefined,false,undefined,init,init,init,init,init,init,init,init,{},{},true,true,true,true,true,true,true,true,{},{},"[""require"",""modify"",""init"",""default"",""ignore""]",{},{},null,{},undefined,undefined,{},0,0,true,false,true,true,false,undefined,{},null,ObjectID,97,195,122,162,12,178,112,142,96,13,214,13,Food,198,Integração de Política de Preço,Normalizada,Wed Dec 22 2021 16:21:06 GMT-0300 (GMT-03:00),Wed Dec 22 2021 16:21:06 GMT-0300 (GMT-03:00),0,true
true,{},undefined,undefined,undefined,undefined,undefined,undefined,undefined,undefined,{},ObjectID,97,195,123,26,12,178,112,142,96,13,214,17,undefined,undefined,false,undefined,init,init,init,init,init,init,init,init,{},{},true,true,true,true,true,true,true,true,{},{},"[""require"",""modify"",""init"",""default"",""ignore""]",{},{},null,{},undefined,undefined,{},0,0,true,false,true,true,false,undefined,{},null,ObjectID,97,195,123,26,12,178,112,142,96,13,214,17,Unilever,402,Atualizar Cliente TradeMaster,Normalizada,Wed Dec 22 2021 16:23:06 GMT-0300 (GMT-03:00),Wed Dec 22 2021 16:23:06 GMT-0300 (GMT-03:00),0,true
true,{},undefined,undefined,undefined,undefined,undefined,undefined,undefined,undefined,{},ObjectID,97,195,124,70,12,178,112,142,96,13,214,24,undefined,undefined,false,undefined,init,init,init,init,init,init,init,init,{},{},true,true,true,true,true,true,true,true,{},{},"[""require"",""modify"",""init"",""default"",""ignore""]",{},{},null,{},undefined,undefined,{},0,0,true,false,true,true,false,undefined,{},null,ObjectID,97,195,124,70,12,178,112,142,96,13,214,24,Unilever,402,Atualizar Cliente TradeMaster,Atrasada,Wed Dec 22 2021 16:28:06 GMT-0300 (GMT-03:00),Wed Dec 22 2021 16:28:06 GMT-0300 (GMT-03:00),0,true
true,{},undefined,undefined,undefined,undefined,undefined,undefined,undefined,undefined,{},ObjectID,97,195,124,190,12,178,112,142,96,13,214,28,undefined,undefined,false,undefined,init,init,init,init,init,init,init,init,{},{},true,true,true,true,true,true,true,true,{},{},"[""require"",""modify"",""init"",""default"",""ignore""]",{},{},null,{},undefined,undefined,{},0,0,true,false,true,true,false,undefined,{},null,ObjectID,97,195,124,190,12,178,112,142,96,13,214,28,Unilever,402,Atualizar Cliente TradeMaster,Normalizada,Wed Dec 22 2021 16:30:06 GMT-0300 (GMT-03:00),Wed Dec 22 2021 16:30:06 GMT-0300 (GMT-03:00),0,true
true,{},undefined,undefined,undefined,undefined,undefined,undefined,undefined,undefined,{},ObjectID,97,195,126,38,12,178,112,142,96,13,214,36,undefined,undefined,false,undefined,init,init,init,init,init,init,init,init,{},{},true,true,true,true,true,true,true,true,{},{},"[""require"",""modify"",""init"",""default"",""ignore""]",{},{},null,{},undefined,undefined,{},0,0,true,false,true,true,false,undefined,{},null,ObjectID,97,195,126,38,12,178,112,142,96,13,214,36,Unilever,402,Atualizar Cliente TradeMaster,Atrasada,Wed Dec 22 2021 16:36:06 GMT-0300 (GMT-03:00),Wed Dec 22 2021 16:36:06 GMT-0300 (GMT-03:00),0,true
true,{},undefined,undefined,undefined,undefined,undefined,undefined,undefined,undefined,{},ObjectID,97,195,126,158,12,178,112,142,96,13,214,40,undefined,undefined,false,undefined,init,init,init,init,init,init,init,init,{},{},true,true,true,true,true,true,true,true,{},{},"[""require"",""modify"",""init"",""default"",""ignore""]",{},{},null,{},undefined,undefined,{},0,0,true,false,true,true,false,undefined,{},null,ObjectID,97,195,126,158,12,178,112,142,96,13,214,40,Unilever,402,Atualizar Cliente TradeMaster,Normalizada,Wed Dec 22 2021 16:38:06 GMT-0300 (GMT-03:00),Wed Dec 22 2021 16:38:06 GMT-0300 (GMT-03:00),0,true
true,{},undefined,undefined,undefined,undefined,undefined,undefined,undefined,undefined,{},ObjectID,97,195,127,202,12,178,112,142,96,13,214,47,undefined,undefined,false,undefined,init,init,init,init,init,init,init,init,{},{},true,true,true,true,true,true,true,true,{},{},"[""require"",""modify"",""init"",""default"",""ignore""]",{},{},null,{},undefined,undefined,{},0,0,true,false,true,true,false,undefined,{},null,ObjectID,97,195,127,202,12,178,112,142,96,13,214,47,Unilever,402,Atualizar Cliente TradeMaster,Atrasada,Wed Dec 22 2021 16:43:06 GMT-0300 (GMT-03:00),Wed Dec 22 2021 16:43:06 GMT-0300 (GMT-03:00),0,true
true,{},undefined,undefined,undefined,undefined,undefined,undefined,undefined,undefined,{},ObjectID,97,195,127,202,12,178,112,142,96,13,214,48,undefined,undefined,false,undefined,init,init,init,init,init,init,init,init,{},{},true,true,true,true,true,true,true,true,{},{},"[""require"",""modify"",""init"",""default"",""ignore""]",{},{},null,{},undefined,undefined,{},0,0,true,false,true,true,false,undefined,{},null,ObjectID,97,195,127,202,12,178,112,142,96,13,214,48,Middleware,324,Estoque para loja,Normalizada,Wed Dec 22 2021 16:43:06 GMT-0300 (GMT-03:00),Wed Dec 22 2021 16:43:06 GMT-0300 (GMT-03:00),0,true
true,{},undefined,undefined,undefined,undefined,undefined,undefined,undefined,undefined,{},ObjectID,97,195,128,66,12,178,112,142,96,13,214,53,undefined,undefined,false,undefined,init,init,init,init,init,init,init,init,{},{},true,true,true,true,true,true,true,true,{},{},"[""require"",""modify"",""init"",""default"",""ignore""]",{},{},null,{},undefined,undefined,{},0,0,true,false,true,true,false,undefined,{},null,ObjectID,97,195,128,66,12,178,112,142,96,13,214,53,Unilever,402,Atualizar Cliente TradeMaster,Normalizada,Wed Dec 22 2021 16:45:06 GMT-0300 (GMT-03:00),Wed Dec 22 2021 16:45:06 GMT-0300 (GMT-03:00),0,true
true,{},undefined,undefined,undefined,undefined,undefined,undefined,undefined,undefined,{},ObjectID,97,195,128,246,12,178,112,142,96,13,214,59,undefined,undefined,false,undefined,init,init,init,init,init,init,init,init,{},{},true,true,true,true,true,true,true,true,{},{},"[""require"",""modify"",""init"",""default"",""ignore""]",{},{},null,{},undefined,undefined,{},0,0,true,false,true,true,false,undefined,{},null,ObjectID,97,195,128,246,12,178,112,142,96,13,214,59,Middleware,324,Estoque para loja,Atrasada,Wed Dec 22 2021 16:48:06 GMT-0300 (GMT-03:00),Wed Dec 22 2021 16:48:06 GMT-0300 (GMT-03:00),0,true
true,{},undefined,undefined,undefined,undefined,undefined,undefined,undefined,undefined,{},ObjectID,97,195,129,170,118,133,128,88,224,118,65,83,undefined,undefined,false,undefined,init,init,init,init,init,init,init,init,{},{},true,true,true,true,true,true,true,true,{},{},"[""require"",""modify"",""init"",""default"",""ignore""]",{},{},null,{},undefined,undefined,{},0,0,true,false,true,true,false,undefined,{},null,ObjectID,97,195,129,170,118,133,128,88,224,118,65,83,Unilever,402,Atualizar Cliente TradeMaster,Atrasada,Wed Dec 22 2021 16:51:06 GMT-0300 (GMT-03:00),Wed Dec 22 2021 16:51:06 GMT-0300 (GMT-03:00),0,true
true,{},undefined,undefined,undefined,undefined,undefined,undefined,undefined,undefined,{},ObjectID,97,195,130,34,118,133,128,88,224,118,65,87,undefined,undefined,false,undefined,init,init,init,init,init,init,init,init,{},{},true,true,true,true,true,true,true,true,{},{},"[""require"",""modify"",""init"",""default"",""ignore""]",{},{},null,{},undefined,undefined,{},0,0,true,false,true,true,false,undefined,{},null,ObjectID,97,195,130,34,118,133,128,88,224,118,65,87,Unilever,402,Atualizar Cliente TradeMaster,Normalizada,Wed Dec 22 2021 16:53:06 GMT-0300 (GMT-03:00),Wed Dec 22 2021 16:53:06 GMT-0300 (GMT-03:00),0,true
true,{},undefined,undefined,undefined,undefined,undefined,undefined,undefined,undefined,{},ObjectID,97,195,131,78,118,133,128,88,224,118,65,94,undefined,undefined,false,undefined,init,init,init,init,init,init,init,init,{},{},true,true,true,true,true,true,true,true,{},{},"[""require"",""modify"",""init"",""default"",""ignore""]",{},{},null,{},undefined,undefined,{},0,0,true,false,true,true,false,undefined,{},null,ObjectID,97,195,131,78,118,133,128,88,224,118,65,94,Unilever,402,Atualizar Cliente TradeMaster,Atrasada,Wed Dec 22 2021 16:58:06 GMT-0300 (GMT-03:00),Wed Dec 22 2021 16:58:06 GMT-0300 (GMT-03:00),0,true
true,{},undefined,undefined,undefined,undefined,undefined,undefined,undefined,undefined,{},ObjectID,97,195,131,198,13,180,3,149,216,60,169,204,undefined,undefined,false,undefined,init,init,init,init,init,init,init,init,{},{},true,true,true,true,true,true,true,true,{},{},"[""require"",""modify"",""init"",""default"",""ignore""]",{},{},null,{},undefined,undefined,{},0,0,true,false,true,true,false,undefined,{},null,ObjectID,97,195,131,198,13,180,3,149,216,60,169,204,Unilever,402,Atualizar Cliente TradeMaster,Normalizada,Wed Dec 22 2021 17:00:06 GMT-0300 (GMT-03:00),Wed Dec 22 2021 17:00:06 GMT-0300 (GMT-03:00),0,true
true,{},undefined,undefined,undefined,undefined,undefined,undefined,undefined,undefined,{},ObjectID,97,195,132,242,13,180,3,149,216,60,169,211,undefined,undefined,false,undefined,init,init,init,init,init,init,init,init,{},{},true,true,true,true,true,true,true,true,{},{},"[""require"",""modify"",""init"",""default"",""ignore""]",{},{},null,{},undefined,undefined,{},0,0,true,false,true,true,false,undefined,{},null,ObjectID,97,195,132,242,13,180,3,149,216,60,169,211,Unilever,402,Atualizar Cliente TradeMaster,Atrasada,Wed Dec 22 2021 17:05:06 GMT-0300 (GMT-03:00),Wed Dec 22 2021 17:05:06 GMT-0300 (GMT-03:00),0,true
true,{},undefined,undefined,undefined,undefined,undefined,undefined,undefined,undefined,{},ObjectID,97,195,133,106,13,180,3,149,216,60,169,215,undefined,undefined,false,undefined,init,init,init,init,init,init,init,init,{},{},true,true,true,true,true,true,true,true,{},{},"[""require"",""modify"",""init"",""default"",""ignore""]",{},{},null,{},undefined,undefined,{},0,0,true,false,true,true,false,undefined,{},null,ObjectID,97,195,133,106,13,180,3,149,216,60,169,215,Unilever,402,Atualizar Cliente TradeMaster,Normalizada,Wed Dec 22 2021 17:07:06 GMT-0300 (GMT-03:00),Wed Dec 22 2021 17:07:06 GMT-0300 (GMT-03:00),0,true
true,{},undefined,undefined,undefined,undefined,undefined,undefined,undefined,undefined,{},ObjectID,97,195,134,150,13,180,3,149,216,60,169,222,undefined,undefined,false,undefined,init,init,init,init,init,init,init,init,{},{},true,true,true,true,true,true,true,true,{},{},"[""require"",""modify"",""init"",""default"",""ignore""]",{},{},null,{},undefined,undefined,{},0,0,true,false,true,true,false,undefined,{},null,ObjectID,97,195,134,150,13,180,3,149,216,60,169,222,Unilever,402,Atualizar Cliente TradeMaster,Atrasada,Wed Dec 22 2021 17:12:06 GMT-0300 (GMT-03:00),Wed Dec 22 2021 17:12:06 GMT-0300 (GMT-03:00),0,true
true,{},undefined,undefined,undefined,undefined,undefined,undefined,undefined,undefined,{},ObjectID,97,195,134,150,13,180,3,149,216,60,169,223,undefined,undefined,false,undefined,init,init,init,init,init,init,init,init,{},{},true,true,true,true,true,true,true,true,{},{},"[""require"",""modify"",""init"",""default"",""ignore""]",{},{},null,{},undefined,undefined,{},0,0,true,false,true,true,false,undefined,{},null,ObjectID,97,195,134,150,13,180,3,149,216,60,169,223,Middleware,189,Integração de Pedidos (Distribuidor),Atrasada,Wed Dec 22 2021 17:12:06 GMT-0300 (GMT-03:00),Wed Dec 22 2021 17:12:06 GMT-0300 (GMT-03:00),0,true
true,{},undefined,undefined,undefined,undefined,undefined,undefined,undefined,undefined,{},ObjectID,97,195,135,14,13,180,3,149,216,60,169,228,undefined,undefined,false,undefined,init,init,init,init,init,init,init,init,{},{},true,true,true,true,true,true,true,true,{},{},"[""require"",""modify"",""init"",""default"",""ignore""]",{},{},null,{},undefined,undefined,{},0,0,true,false,true,true,false,undefined,{},null,ObjectID,97,195,135,14,13,180,3,149,216,60,169,228,Unilever,402,Atualizar Cliente TradeMaster,Normalizada,Wed Dec 22 2021 17:14:06 GMT-0300 (GMT-03:00),Wed Dec 22 2021 17:14:06 GMT-0300 (GMT-03:00),0,true
true,{},undefined,undefined,undefined,undefined,undefined,undefined,undefined,undefined,{},ObjectID,97,195,135,14,13,180,3,149,216,60,169,229,undefined,undefined,false,undefined,init,init,init,init,init,init,init,init,{},{},true,true,true,true,true,true,true,true,{},{},"[""require"",""modify"",""init"",""default"",""ignore""]",{},{},null,{},undefined,undefined,{},0,0,true,false,true,true,false,undefined,{},null,ObjectID,97,195,135,14,13,180,3,149,216,60,169,229,Middleware,189,Integração de Pedidos (Distribuidor),Normalizada,Wed Dec 22 2021 17:14:06 GMT-0300 (GMT-03:00),Wed Dec 22 2021 17:14:06 GMT-0300 (GMT-03:00),0,true
true,{},undefined,undefined,undefined,undefined,undefined,undefined,undefined,undefined,{},ObjectID,97,195,136,118,13,180,3,149,216,60,169,238,undefined,undefined,false,undefined,init,init,init,init,init,init,init,init,{},{},true,true,true,true,true,true,true,true,{},{},"[""require"",""modify"",""init"",""default"",""ignore""]",{},{},null,{},undefined,undefined,{},0,0,true,false,true,true,false,undefined,{},null,ObjectID,97,195,136,118,13,180,3,149,216,60,169,238,Unilever,402,Atualizar Cliente TradeMaster,Atrasada,Wed Dec 22 2021 17:20:06 GMT-0300 (GMT-03:00),Wed Dec 22 2021 17:20:06 GMT-0300 (GMT-03:00),0,true
true,{},undefined,undefined,undefined,undefined,undefined,undefined,undefined,undefined,{},ObjectID,97,195,136,178,13,180,3,149,216,60,169,241,undefined,undefined,false,undefined,init,init,init,init,init,init,init,init,{},{},true,true,true,true,true,true,true,true,{},{},"[""require"",""modify"",""init"",""default"",""ignore""]",{},{},null,{},undefined,undefined,{},0,0,true,false,true,true,false,undefined,{},null,ObjectID,97,195,136,178,13,180,3,149,216,60,169,241,AbasteceBem,204,Enviar carrinhos abandonados para o parceiro MarketingTech,Normalizada,Wed Dec 22 2021 17:21:06 GMT-0300 (GMT-03:00),Wed Dec 22 2021 17:21:06 GMT-0300 (GMT-03:00),0,true
true,{},undefined,undefined,undefined,undefined,undefined,undefined,undefined,undefined,{},ObjectID,97,195,136,178,13,180,3,149,216,60,169,242,undefined,undefined,false,undefined,init,init,init,init,init,init,init,init,{},{},true,true,true,true,true,true,true,true,{},{},"[""require"",""modify"",""init"",""default"",""ignore""]",{},{},null,{},undefined,undefined,{},0,0,true,false,true,true,false,undefined,{},null,ObjectID,97,195,136,178,13,180,3,149,216,60,169,242,AbasteceBem,206,Alimentar PedidosBI Hora,Normalizada,Wed Dec 22 2021 17:21:06 GMT-0300 (GMT-03:00),Wed Dec 22 2021 17:21:06 GMT-0300 (GMT-03:00),0,true
true,{},undefined,undefined,undefined,undefined,undefined,undefined,undefined,undefined,{},ObjectID,97,195,136,238,13,180,3,149,216,60,169,246,undefined,undefined,false,undefined,init,init,init,init,init,init,init,init,{},{},true,true,true,true,true,true,true,true,{},{},"[""require"",""modify"",""init"",""default"",""ignore""]",{},{},null,{},undefined,undefined,{},0,0,true,false,true,true,false,undefined,{},null,ObjectID,97,195,136,238,13,180,3,149,216,60,169,246,Unilever,402,Atualizar Cliente TradeMaster,Normalizada,Wed Dec 22 2021 17:22:06 GMT-0300 (GMT-03:00),Wed Dec 22 2021 17:22:06 GMT-0300 (GMT-03:00),0,true
true,{},undefined,undefined,undefined,undefined,undefined,undefined,undefined,undefined,{},ObjectID,97,195,137,102,13,180,3,149,216,60,169,250,undefined,undefined,false,undefined,init,init,init,init,init,init,init,init,{},{},true,true,true,true,true,true,true,true,{},{},"[""require"",""modify"",""init"",""default"",""ignore""]",{},{},null,{},undefined,undefined,{},0,0,true,false,true,true,false,undefined,{},null,ObjectID,97,195,137,102,13,180,3,149,216,60,169,250,Middleware,184,Integração Preço,Atrasada,Wed Dec 22 2021 17:24:06 GMT-0300 (GMT-03:00),Wed Dec 22 2021 17:24:06 GMT-0300 (GMT-03:00),0,true
true,{},undefined,undefined,undefined,undefined,undefined,undefined,undefined,undefined,{},ObjectID,97,195,137,162,13,180,3,149,216,60,169,253,undefined,undefined,false,undefined,init,init,init,init,init,init,init,init,{},{},true,true,true,true,true,true,true,true,{},{},"[""require"",""modify"",""init"",""default"",""ignore""]",{},{},null,{},undefined,undefined,{},0,0,true,false,true,true,false,undefined,{},null,ObjectID,97,195,137,162,13,180,3,149,216,60,169,253,Unilever,186,Integração Notificação Cliente,Normalizada,Wed Dec 22 2021 17:25:06 GMT-0300 (GMT-03:00),Wed Dec 22 2021 17:25:06 GMT-0300 (GMT-03:00),0,true
true,{},undefined,undefined,undefined,undefined,undefined,undefined,undefined,undefined,{},ObjectID,97,195,137,222,13,180,3,149,216,60,170,0,undefined,undefined,false,undefined,init,init,init,init,init,init,init,init,{},{},true,true,true,true,true,true,true,true,{},{},"[""require"",""modify"",""init"",""default"",""ignore""]",{},{},null,{},undefined,undefined,{},0,0,true,false,true,true,false,undefined,{},null,ObjectID,97,195,137,222,13,180,3,149,216,60,170,0,Unilever,519,Sumarizao de Produtos,Normalizada,Wed Dec 22 2021 17:26:06 GMT-0300 (GMT-03:00),Wed Dec 22 2021 17:26:06 GMT-0300 (GMT-03:00),0,true
true,{},undefined,undefined,undefined,undefined,undefined,undefined,undefined,undefined,{},ObjectID,97,195,138,26,13,180,3,149,216,60,170,3,undefined,undefined,false,undefined,init,init,init,init,init,init,init,init,{},{},true,true,true,true,true,true,true,true,{},{},"[""require"",""modify"",""init"",""default"",""ignore""]",{},{},null,{},undefined,undefined,{},0,0,true,false,true,true,false,undefined,{},null,ObjectID,97,195,138,26,13,180,3,149,216,60,170,3,Unilever,402,Atualizar Cliente TradeMaster,Atrasada,Wed Dec 22 2021 17:27:06 GMT-0300 (GMT-03:00),Wed Dec 22 2021 17:27:06 GMT-0300 (GMT-03:00),0,true
true,{},undefined,undefined,undefined,undefined,undefined,undefined,undefined,undefined,{},ObjectID,97,195,138,26,13,180,3,149,216,60,170,4,undefined,undefined,false,undefined,init,init,init,init,init,init,init,init,{},{},true,true,true,true,true,true,true,true,{},{},"[""require"",""modify"",""init"",""default"",""ignore""]",{},{},null,{},undefined,undefined,{},0,0,true,false,true,true,false,undefined,{},null,ObjectID,97,195,138,26,13,180,3,149,216,60,170,4,Food,183,Integração Limite de Crédito,Normalizada,Wed Dec 22 2021 17:27:06 GMT-0300 (GMT-03:00),Wed Dec 22 2021 17:27:06 GMT-0300 (GMT-03:00),0,true
true,{},undefined,undefined,undefined,undefined,undefined,undefined,undefined,undefined,{},ObjectID,97,195,138,86,13,180,3,149,216,60,170,8,undefined,undefined,false,undefined,init,init,init,init,init,init,init,init,{},{},true,true,true,true,true,true,true,true,{},{},"[""require"",""modify"",""init"",""default"",""ignore""]",{},{},null,{},undefined,undefined,{},0,0,true,false,true,true,false,undefined,{},null,ObjectID,97,195,138,86,13,180,3,149,216,60,170,8,Vila Nova,220,Enfileirar e Reenfileirar EMail de Filial Pendente,Normalizada,Wed Dec 22 2021 17:28:06 GMT-0300 (GMT-03:00),Wed Dec 22 2021 17:28:06 GMT-0300 (GMT-03:00),0,true
true,{},undefined,undefined,undefined,undefined,undefined,undefined,undefined,undefined,{},ObjectID,97,195,138,146,13,180,3,149,216,60,170,11,undefined,undefined,false,undefined,init,init,init,init,init,init,init,init,{},{},true,true,true,true,true,true,true,true,{},{},"[""require"",""modify"",""init"",""default"",""ignore""]",{},{},null,{},undefined,undefined,{},0,0,true,false,true,true,false,undefined,{},null,ObjectID,97,195,138,146,13,180,3,149,216,60,170,11,Unilever,402,Atualizar Cliente TradeMaster,Normalizada,Wed Dec 22 2021 17:29:06 GMT-0300 (GMT-03:00),Wed Dec 22 2021 17:29:06 GMT-0300 (GMT-03:00),0,true
true,{},undefined,undefined,undefined,undefined,undefined,undefined,undefined,undefined,{},ObjectID,97,195,138,146,13,180,3,149,216,60,170,12,undefined,undefined,false,undefined,init,init,init,init,init,init,init,init,{},{},true,true,true,true,true,true,true,true,{},{},"[""require"",""modify"",""init"",""default"",""ignore""]",{},{},null,{},undefined,undefined,{},0,0,true,false,true,true,false,undefined,{},null,ObjectID,97,195,138,146,13,180,3,149,216,60,170,12,AbasteceBem,204,Enviar carrinhos abandonados para o parceiro MarketingTech,Parada,Wed Dec 22 2021 17:29:06 GMT-0300 (GMT-03:00),Wed Dec 22 2021 17:29:06 GMT-0300 (GMT-03:00),0,true
true,{},undefined,undefined,undefined,undefined,undefined,undefined,undefined,undefined,{},ObjectID,97,195,138,206,13,180,3,149,216,60,170,16,undefined,undefined,false,undefined,init,init,init,init,init,init,init,init,{},{},true,true,true,true,true,true,true,true,{},{},"[""require"",""modify"",""init"",""default"",""ignore""]",{},{},null,{},undefined,undefined,{},0,0,true,false,true,true,false,undefined,{},null,ObjectID,97,195,138,206,13,180,3,149,216,60,170,16,Unilever,186,Integração Notificação Cliente,Atrasada,Wed Dec 22 2021 17:30:06 GMT-0300 (GMT-03:00),Wed Dec 22 2021 17:30:06 GMT-0300 (GMT-03:00),0,true
true,{},undefined,undefined,undefined,undefined,undefined,undefined,undefined,undefined,{},ObjectID,97,195,139,10,13,180,3,149,216,60,170,19,undefined,undefined,false,undefined,init,init,init,init,init,init,init,init,{},{},true,true,true,true,true,true,true,true,{},{},"[""require"",""modify"",""init"",""default"",""ignore""]",{},{},null,{},undefined,undefined,{},0,0,true,false,true,true,false,undefined,{},null,ObjectID,97,195,139,10,13,180,3,149,216,60,170,19,Middleware,184,Integração Preço,Normalizada,Wed Dec 22 2021 17:31:06 GMT-0300 (GMT-03:00),Wed Dec 22 2021 17:31:06 GMT-0300 (GMT-03:00),0,true
true,{},undefined,undefined,undefined,undefined,undefined,undefined,undefined,undefined,{},ObjectID,97,195,139,205,13,180,3,149,216,60,170,23,undefined,undefined,false,undefined,init,init,init,init,init,init,init,init,{},{},true,true,true,true,true,true,true,true,{},{},"[""require"",""modify"",""init"",""default"",""ignore""]",{},{},null,{},undefined,undefined,{},0,0,true,false,true,true,false,undefined,{},null,ObjectID,97,195,139,205,13,180,3,149,216,60,170,23,Unilever,402,Atualizar Cliente TradeMaster,Atrasada,Wed Dec 22 2021 17:34:21 GMT-0300 (GMT-03:00),Wed Dec 22 2021 17:34:21 GMT-0300 (GMT-03:00),0,true
true,{},undefined,undefined,undefined,undefined,undefined,undefined,undefined,undefined,{},ObjectID,97,195,139,205,13,180,3,149,216,60,170,24,undefined,undefined,false,undefined,init,init,init,init,init,init,init,init,{},{},true,true,true,true,true,true,true,true,{},{},"[""require"",""modify"",""init"",""default"",""ignore""]",{},{},null,{},undefined,undefined,{},0,0,true,false,true,true,false,undefined,{},null,ObjectID,97,195,139,205,13,180,3,149,216,60,170,24,Unilever,186,Integração Notificação Cliente,Normalizada,Wed Dec 22 2021 17:34:21 GMT-0300 (GMT-03:00),Wed Dec 22 2021 17:34:21 GMT-0300 (GMT-03:00),0,true
true,{},undefined,undefined,undefined,undefined,undefined,undefined,undefined,undefined,{},ObjectID,97,195,139,205,13,180,3,149,216,60,170,25,undefined,undefined,false,undefined,init,init,init,init,init,init,init,init,{},{},true,true,true,true,true,true,true,true,{},{},"[""require"",""modify"",""init"",""default"",""ignore""]",{},{},null,{},undefined,undefined,{},0,0,true,false,true,true,false,undefined,{},null,ObjectID,97,195,139,205,13,180,3,149,216,60,170,25,Food,183,Integração Limite de Crédito,Atrasada,Wed Dec 22 2021 17:34:21 GMT-0300 (GMT-03:00),Wed Dec 22 2021 17:34:21 GMT-0300 (GMT-03:00),0,true
true,{},undefined,undefined,undefined,undefined,undefined,undefined,undefined,undefined,{},ObjectID,97,195,139,205,13,180,3,149,216,60,170,26,undefined,undefined,false,undefined,init,init,init,init,init,init,init,init,{},{},true,true,true,true,true,true,true,true,{},{},"[""require"",""modify"",""init"",""default"",""ignore""]",{},{},null,{},undefined,undefined,{},0,0,true,false,true,true,false,undefined,{},null,ObjectID,97,195,139,205,13,180,3,149,216,60,170,26,Middleware,324,Estoque para loja,Normalizada,Wed Dec 22 2021 17:34:21 GMT-0300 (GMT-03:00),Wed Dec 22 2021 17:34:21 GMT-0300 (GMT-03:00),0,true
true,{},undefined,undefined,undefined,undefined,undefined,undefined,undefined,undefined,{},ObjectID,97,195,139,205,13,180,3,149,216,60,170,27,undefined,undefined,false,undefined,init,init,init,init,init,init,init,init,{},{},true,true,true,true,true,true,true,true,{},{},"[""require"",""modify"",""init"",""default"",""ignore""]",{},{},null,{},undefined,undefined,{},0,0,true,false,true,true,false,undefined,{},null,ObjectID,97,195,139,205,13,180,3,149,216,60,170,27,Vila Nova,220,Enfileirar e Reenfileirar EMail de Filial Pendente,Atrasada,Wed Dec 22 2021 17:34:21 GMT-0300 (GMT-03:00),Wed Dec 22 2021 17:34:21 GMT-0300 (GMT-03:00),0,true
true,{},undefined,undefined,undefined,undefined,undefined,undefined,undefined,undefined,{},ObjectID,97,195,140,54,13,180,3,149,216,60,170,35,undefined,undefined,false,undefined,init,init,init,init,init,init,init,init,{},{},true,true,true,true,true,true,true,true,{},{},"[""require"",""modify"",""init"",""default"",""ignore""]",{},{},null,{},undefined,undefined,{},0,0,true,false,true,true,false,undefined,{},null,ObjectID,97,195,140,54,13,180,3,149,216,60,170,35,Unilever,402,Atualizar Cliente TradeMaster,Normalizada,Wed Dec 22 2021 17:36:06 GMT-0300 (GMT-03:00),Wed Dec 22 2021 17:36:06 GMT-0300 (GMT-03:00),0,true
true,{},undefined,undefined,undefined,undefined,undefined,undefined,undefined,undefined,{},ObjectID,97,195,140,54,13,180,3,149,216,60,170,36,undefined,undefined,false,undefined,init,init,init,init,init,init,init,init,{},{},true,true,true,true,true,true,true,true,{},{},"[""require"",""modify"",""init"",""default"",""ignore""]",{},{},null,{},undefined,undefined,{},0,0,true,false,true,true,false,undefined,{},null,ObjectID,97,195,140,54,13,180,3,149,216,60,170,36,Middleware,184,Integração Preço,Atrasada,Wed Dec 22 2021 17:36:06 GMT-0300 (GMT-03:00),Wed Dec 22 2021 17:36:06 GMT-0300 (GMT-03:00),0,true
true,{},undefined,undefined,undefined,undefined,undefined,undefined,undefined,undefined,{},ObjectID,97,195,140,114,13,180,3,149,216,60,170,40,undefined,undefined,false,undefined,init,init,init,init,init,init,init,init,{},{},true,true,true,true,true,true,true,true,{},{},"[""require"",""modify"",""init"",""default"",""ignore""]",{},{},null,{},undefined,undefined,{},0,0,true,false,true,true,false,undefined,{},null,ObjectID,97,195,140,114,13,180,3,149,216,60,170,40,Unilever,186,Integração Notificação Cliente,Atrasada,Wed Dec 22 2021 17:37:06 GMT-0300 (GMT-03:00),Wed Dec 22 2021 17:37:06 GMT-0300 (GMT-03:00),0,true
true,{},undefined,undefined,undefined,undefined,undefined,undefined,undefined,undefined,{},ObjectID,97,195,140,114,13,180,3,149,216,60,170,41,undefined,undefined,false,undefined,init,init,init,init,init,init,init,init,{},{},true,true,true,true,true,true,true,true,{},{},"[""require"",""modify"",""init"",""default"",""ignore""]",{},{},null,{},undefined,undefined,{},0,0,true,false,true,true,false,undefined,{},null,ObjectID,97,195,140,114,13,180,3,149,216,60,170,41,Middleware,324,Estoque para loja,Atrasada,Wed Dec 22 2021 17:37:06 GMT-0300 (GMT-03:00),Wed Dec 22 2021 17:37:06 GMT-0300 (GMT-03:00),0,true
true,{},undefined,undefined,undefined,undefined,undefined,undefined,undefined,undefined,{},ObjectID,97,195,140,234,13,180,3,149,216,60,170,46,undefined,undefined,false,undefined,init,init,init,init,init,init,init,init,{},{},true,true,true,true,true,true,true,true,{},{},"[""require"",""modify"",""init"",""default"",""ignore""]",{},{},null,{},undefined,undefined,{},0,0,true,false,true,true,false,undefined,{},null,ObjectID,97,195,140,234,13,180,3,149,216,60,170,46,Middleware,184,Integração Preço,Normalizada,Wed Dec 22 2021 17:39:06 GMT-0300 (GMT-03:00),Wed Dec 22 2021 17:39:06 GMT-0300 (GMT-03:00),0,true
true,{},undefined,undefined,undefined,undefined,undefined,undefined,undefined,undefined,{},ObjectID,97,195,141,98,13,180,3,149,216,60,170,50,undefined,undefined,false,undefined,init,init,init,init,init,init,init,init,{},{},true,true,true,true,true,true,true,true,{},{},"[""require"",""modify"",""init"",""default"",""ignore""]",{},{},null,{},undefined,undefined,{},0,0,true,false,true,true,false,undefined,{},null,ObjectID,97,195,141,98,13,180,3,149,216,60,170,50,Unilever,402,Atualizar Cliente TradeMaster,Atrasada,Wed Dec 22 2021 17:41:06 GMT-0300 (GMT-03:00),Wed Dec 22 2021 17:41:06 GMT-0300 (GMT-03:00),0,true
true,{},undefined,undefined,undefined,undefined,undefined,undefined,undefined,undefined,{},ObjectID,97,195,141,218,13,180,3,149,216,60,170,54,undefined,undefined,false,undefined,init,init,init,init,init,init,init,init,{},{},true,true,true,true,true,true,true,true,{},{},"[""require"",""modify"",""init"",""default"",""ignore""]",{},{},null,{},undefined,undefined,{},0,0,true,false,true,true,false,undefined,{},null,ObjectID,97,195,141,218,13,180,3,149,216,60,170,54,Unilever,402,Atualizar Cliente TradeMaster,Normalizada,Wed Dec 22 2021 17:43:06 GMT-0300 (GMT-03:00),Wed Dec 22 2021 17:43:06 GMT-0300 (GMT-03:00),0,true
true,{},undefined,undefined,undefined,undefined,undefined,undefined,undefined,undefined,{},ObjectID,97,195,141,218,13,180,3,149,216,60,170,55,undefined,undefined,false,undefined,init,init,init,init,init,init,init,init,{},{},true,true,true,true,true,true,true,true,{},{},"[""require"",""modify"",""init"",""default"",""ignore""]",{},{},null,{},undefined,undefined,{},0,0,true,false,true,true,false,undefined,{},null,ObjectID,97,195,141,218,13,180,3,149,216,60,170,55,Unilever,186,Integração Notificação Cliente,Normalizada,Wed Dec 22 2021 17:43:06 GMT-0300 (GMT-03:00),Wed Dec 22 2021 17:43:06 GMT-0300 (GMT-03:00),0,true
true,{},undefined,undefined,undefined,undefined,undefined,undefined,undefined,undefined,{},ObjectID,97,195,142,142,13,180,3,149,216,60,170,61,undefined,undefined,false,undefined,init,init,init,init,init,init,init,init,{},{},true,true,true,true,true,true,true,true,{},{},"[""require"",""modify"",""init"",""default"",""ignore""]",{},{},null,{},undefined,undefined,{},0,0,true,false,true,true,false,undefined,{},null,ObjectID,97,195,142,142,13,180,3,149,216,60,170,61,Middleware,186,Integração Notificação Cliente,Atrasada,Wed Dec 22 2021 17:46:06 GMT-0300 (GMT-03:00),Wed Dec 22 2021 17:46:06 GMT-0300 (GMT-03:00),0,true
true,{},undefined,undefined,undefined,undefined,undefined,undefined,undefined,undefined,{},ObjectID,97,195,143,6,13,180,3,149,216,60,170,65,undefined,undefined,false,undefined,init,init,init,init,init,init,init,init,{},{},true,true,true,true,true,true,true,true,{},{},"[""require"",""modify"",""init"",""default"",""ignore""]",{},{},null,{},undefined,undefined,{},0,0,true,false,true,true,false,undefined,{},null,ObjectID,97,195,143,6,13,180,3,149,216,60,170,65,Unilever,402,Atualizar Cliente TradeMaster,Atrasada,Wed Dec 22 2021 17:48:06 GMT-0300 (GMT-03:00),Wed Dec 22 2021 17:48:06 GMT-0300 (GMT-03:00),0,true
true,{},undefined,undefined,undefined,undefined,undefined,undefined,undefined,undefined,{},ObjectID,97,195,143,6,13,180,3,149,216,60,170,66,undefined,undefined,false,undefined,init,init,init,init,init,init,init,init,{},{},true,true,true,true,true,true,true,true,{},{},"[""require"",""modify"",""init"",""default"",""ignore""]",{},{},null,{},undefined,undefined,{},0,0,true,false,true,true,false,undefined,{},null,ObjectID,97,195,143,6,13,180,3,149,216,60,170,66,Unilever,186,Integração Notificação Cliente,Atrasada,Wed Dec 22 2021 17:48:06 GMT-0300 (GMT-03:00),Wed Dec 22 2021 17:48:06 GMT-0300 (GMT-03:00),0,true
true,{},undefined,undefined,undefined,undefined,undefined,undefined,undefined,undefined,{},ObjectID,97,195,143,126,13,180,3,149,216,60,170,71,undefined,undefined,false,undefined,init,init,init,init,init,init,init,init,{},{},true,true,true,true,true,true,true,true,{},{},"[""require"",""modify"",""init"",""default"",""ignore""]",{},{},null,{},undefined,undefined,{},0,0,true,false,true,true,false,undefined,{},null,ObjectID,97,195,143,126,13,180,3,149,216,60,170,71,Unilever,402,Atualizar Cliente TradeMaster,Normalizada,Wed Dec 22 2021 17:50:06 GMT-0300 (GMT-03:00),Wed Dec 22 2021 17:50:06 GMT-0300 (GMT-03:00),0,true
true,{},undefined,undefined,undefined,undefined,undefined,undefined,undefined,undefined,{},ObjectID,97,195,143,126,13,180,3,149,216,60,170,72,undefined,undefined,false,undefined,init,init,init,init,init,init,init,init,{},{},true,true,true,true,true,true,true,true,{},{},"[""require"",""modify"",""init"",""default"",""ignore""]",{},{},null,{},undefined,undefined,{},0,0,true,false,true,true,false,undefined,{},null,ObjectID,97,195,143,126,13,180,3,149,216,60,170,72,Unilever,186,Integração Notificação Cliente,Normalizada,Wed Dec 22 2021 17:50:06 GMT-0300 (GMT-03:00),Wed Dec 22 2021 17:50:06 GMT-0300 (GMT-03:00),0,true
true,{},undefined,undefined,undefined,undefined,undefined,undefined,undefined,undefined,{},ObjectID,97,195,144,110,13,180,3,149,216,60,170,79,undefined,undefined,false,undefined,init,init,init,init,init,init,init,init,{},{},true,true,true,true,true,true,true,true,{},{},"[""require"",""modify"",""init"",""default"",""ignore""]",{},{},null,{},undefined,undefined,{},0,0,true,false,true,true,false,undefined,{},null,ObjectID,97,195,144,110,13,180,3,149,216,60,170,79,Middleware,186,Integração Notificação Cliente,Normalizada,Wed Dec 22 2021 17:54:06 GMT-0300 (GMT-03:00),Wed Dec 22 2021 17:54:06 GMT-0300 (GMT-03:00),0,true
true,{},undefined,undefined,undefined,undefined,undefined,undefined,undefined,undefined,{},ObjectID,97,195,144,170,13,180,3,149,216,60,170,82,undefined,undefined,false,undefined,init,init,init,init,init,init,init,init,{},{},true,true,true,true,true,true,true,true,{},{},"[""require"",""modify"",""init"",""default"",""ignore""]",{},{},null,{},undefined,undefined,{},0,0,true,false,true,true,false,undefined,{},null,ObjectID,97,195,144,170,13,180,3,149,216,60,170,82,Unilever,402,Atualizar Cliente TradeMaster,Atrasada,Wed Dec 22 2021 17:55:06 GMT-0300 (GMT-03:00),Wed Dec 22 2021 17:55:06 GMT-0300 (GMT-03:00),0,true
true,{},undefined,undefined,undefined,undefined,undefined,undefined,undefined,undefined,{},ObjectID,97,195,144,170,13,180,3,149,216,60,170,83,undefined,undefined,false,undefined,init,init,init,init,init,init,init,init,{},{},true,true,true,true,true,true,true,true,{},{},"[""require"",""modify"",""init"",""default"",""ignore""]",{},{},null,{},undefined,undefined,{},0,0,true,false,true,true,false,undefined,{},null,ObjectID,97,195,144,170,13,180,3,149,216,60,170,83,Unilever,186,Integração Notificação Cliente,Atrasada,Wed Dec 22 2021 17:55:06 GMT-0300 (GMT-03:00),Wed Dec 22 2021 17:55:06 GMT-0300 (GMT-03:00),0,true
true,{},undefined,undefined,undefined,undefined,undefined,undefined,undefined,undefined,{},ObjectID,97,195,144,230,13,180,3,149,216,60,170,87,undefined,undefined,false,undefined,init,init,init,init,init,init,init,init,{},{},true,true,true,true,true,true,true,true,{},{},"[""require"",""modify"",""init"",""default"",""ignore""]",{},{},null,{},undefined,undefined,{},0,0,true,false,true,true,false,undefined,{},null,ObjectID,97,195,144,230,13,180,3,149,216,60,170,87,Unilever,186,Integração Notificação Cliente,Normalizada,Wed Dec 22 2021 17:56:06 GMT-0300 (GMT-03:00),Wed Dec 22 2021 17:56:06 GMT-0300 (GMT-03:00),0,true
true,{},undefined,undefined,undefined,undefined,undefined,undefined,undefined,undefined,{},ObjectID,97,195,145,154,13,180,3,149,216,60,170,92,undefined,undefined,false,undefined,init,init,init,init,init,init,init,init,{},{},true,true,true,true,true,true,true,true,{},{},"[""require"",""modify"",""init"",""default"",""ignore""]",{},{},null,{},undefined,undefined,{},0,0,true,false,true,true,false,undefined,{},null,ObjectID,97,195,145,154,13,180,3,149,216,60,170,92,Middleware,186,Integração Notificação Cliente,Atrasada,Wed Dec 22 2021 17:59:06 GMT-0300 (GMT-03:00),Wed Dec 22 2021 17:59:06 GMT-0300 (GMT-03:00),0,true
true,{},undefined,undefined,undefined,undefined,undefined,undefined,undefined,undefined,{},ObjectID,97,195,145,214,13,180,3,149,216,60,170,95,undefined,undefined,false,undefined,init,init,init,init,init,init,init,init,{},{},true,true,true,true,true,true,true,true,{},{},"[""require"",""modify"",""init"",""default"",""ignore""]",{},{},null,{},undefined,undefined,{},0,0,true,false,true,true,false,undefined,{},null,ObjectID,97,195,145,214,13,180,3,149,216,60,170,95,Unilever,519,Sumarizao de Produtos,Parada,Wed Dec 22 2021 18:00:06 GMT-0300 (GMT-03:00),Wed Dec 22 2021 18:00:06 GMT-0300 (GMT-03:00),0,true
true,{},undefined,undefined,undefined,undefined,undefined,undefined,undefined,undefined,{},ObjectID,97,195,145,214,13,180,3,149,216,60,170,96,undefined,undefined,false,undefined,init,init,init,init,init,init,init,init,{},{},true,true,true,true,true,true,true,true,{},{},"[""require"",""modify"",""init"",""default"",""ignore""]",{},{},null,{},undefined,undefined,{},0,0,true,false,true,true,false,undefined,{},null,ObjectID,97,195,145,214,13,180,3,149,216,60,170,96,Unilever,402,Atualizar Cliente TradeMaster,Normalizada,Wed Dec 22 2021 18:00:06 GMT-0300 (GMT-03:00),Wed Dec 22 2021 18:00:06 GMT-0300 (GMT-03:00),0,true
true,{},undefined,undefined,undefined,undefined,undefined,undefined,undefined,undefined,{},ObjectID,97,195,146,18,13,180,3,149,216,60,170,100,undefined,undefined,false,undefined,init,init,init,init,init,init,init,init,{},{},true,true,true,true,true,true,true,true,{},{},"[""require"",""modify"",""init"",""default"",""ignore""]",{},{},null,{},undefined,undefined,{},0,0,true,false,true,true,false,undefined,{},null,ObjectID,97,195,146,18,13,180,3,149,216,60,170,100,Unilever,186,Integração Notificação Cliente,Atrasada,Wed Dec 22 2021 18:01:06 GMT-0300 (GMT-03:00),Wed Dec 22 2021 18:01:06 GMT-0300 (GMT-03:00),0,true
true,{},undefined,undefined,undefined,undefined,undefined,undefined,undefined,undefined,{},ObjectID,97,195,146,78,13,180,3,149,216,60,170,103,undefined,undefined,false,undefined,init,init,init,init,init,init,init,init,{},{},true,true,true,true,true,true,true,true,{},{},"[""require"",""modify"",""init"",""default"",""ignore""]",{},{},null,{},undefined,undefined,{},0,0,true,false,true,true,false,undefined,{},null,ObjectID,97,195,146,78,13,180,3,149,216,60,170,103,Unilever,186,Integração Notificação Cliente,Normalizada,Wed Dec 22 2021 18:02:06 GMT-0300 (GMT-03:00),Wed Dec 22 2021 18:02:06 GMT-0300 (GMT-03:00),0,true
true,{},undefined,undefined,undefined,undefined,undefined,undefined,undefined,undefined,{},ObjectID,97,195,146,138,13,180,3,149,216,60,170,106,undefined,undefined,false,undefined,init,init,init,init,init,init,init,init,{},{},true,true,true,true,true,true,true,true,{},{},"[""require"",""modify"",""init"",""default"",""ignore""]",{},{},null,{},undefined,undefined,{},0,0,true,false,true,true,false,undefined,{},null,ObjectID,97,195,146,138,13,180,3,149,216,60,170,106,Middleware,186,Integração Notificação Cliente,Normalizada,Wed Dec 22 2021 18:03:06 GMT-0300 (GMT-03:00),Wed Dec 22 2021 18:03:06 GMT-0300 (GMT-03:00),0,true
true,{},undefined,undefined,undefined,undefined,undefined,undefined,undefined,undefined,{},ObjectID,97,195,147,2,13,180,3,149,216,60,170,110,undefined,undefined,false,undefined,init,init,init,init,init,init,init,init,{},{},true,true,true,true,true,true,true,true,{},{},"[""require"",""modify"",""init"",""default"",""ignore""]",{},{},null,{},undefined,undefined,{},0,0,true,false,true,true,false,undefined,{},null,ObjectID,97,195,147,2,13,180,3,149,216,60,170,110,Unilever,402,Atualizar Cliente TradeMaster,Atrasada,Wed Dec 22 2021 18:05:06 GMT-0300 (GMT-03:00),Wed Dec 22 2021 18:05:06 GMT-0300 (GMT-03:00),0,true
true,{},undefined,undefined,undefined,undefined,undefined,undefined,undefined,undefined,{},ObjectID,97,195,147,122,13,180,3,149,216,60,170,114,undefined,undefined,false,undefined,init,init,init,init,init,init,init,init,{},{},true,true,true,true,true,true,true,true,{},{},"[""require"",""modify"",""init"",""default"",""ignore""]",{},{},null,{},undefined,undefined,{},0,0,true,false,true,true,false,undefined,{},null,ObjectID,97,195,147,122,13,180,3,149,216,60,170,114,Food,183,Integração Limite de Crédito,Normalizada,Wed Dec 22 2021 18:07:06 GMT-0300 (GMT-03:00),Wed Dec 22 2021 18:07:06 GMT-0300 (GMT-03:00),0,true
true,{},undefined,undefined,undefined,undefined,undefined,undefined,undefined,undefined,{},ObjectID,97,195,147,182,13,180,3,149,216,60,170,117,undefined,undefined,false,undefined,init,init,init,init,init,init,init,init,{},{},true,true,true,true,true,true,true,true,{},{},"[""require"",""modify"",""init"",""default"",""ignore""]",{},{},null,{},undefined,undefined,{},0,0,true,false,true,true,false,undefined,{},null,ObjectID,97,195,147,182,13,180,3,149,216,60,170,117,Middleware,186,Integração Notificação Cliente,Atrasada,Wed Dec 22 2021 18:08:06 GMT-0300 (GMT-03:00),Wed Dec 22 2021 18:08:06 GMT-0300 (GMT-03:00),0,true
true,{},undefined,undefined,undefined,undefined,undefined,undefined,undefined,undefined,{},ObjectID,97,195,147,242,13,180,3,149,216,60,170,120,undefined,undefined,false,undefined,init,init,init,init,init,init,init,init,{},{},true,true,true,true,true,true,true,true,{},{},"[""require"",""modify"",""init"",""default"",""ignore""]",{},{},null,{},undefined,undefined,{},0,0,true,false,true,true,false,undefined,{},null,ObjectID,97,195,147,242,13,180,3,149,216,60,170,120,Unilever,402,Atualizar Cliente TradeMaster,Normalizada,Wed Dec 22 2021 18:09:06 GMT-0300 (GMT-03:00),Wed Dec 22 2021 18:09:06 GMT-0300 (GMT-03:00),0,true
true,{},undefined,undefined,undefined,undefined,undefined,undefined,undefined,undefined,{},ObjectID,97,195,148,46,13,180,3,149,216,60,170,123,undefined,undefined,false,undefined,init,init,init,init,init,init,init,init,{},{},true,true,true,true,true,true,true,true,{},{},"[""require"",""modify"",""init"",""default"",""ignore""]",{},{},null,{},undefined,undefined,{},0,0,true,false,true,true,false,undefined,{},null,ObjectID,97,195,148,46,13,180,3,149,216,60,170,123,Middleware,186,Integração Notificação Cliente,Normalizada,Wed Dec 22 2021 18:10:06 GMT-0300 (GMT-03:00),Wed Dec 22 2021 18:10:06 GMT-0300 (GMT-03:00),0,true
true,{},undefined,undefined,undefined,undefined,undefined,undefined,undefined,undefined,{},ObjectID,97,195,148,166,13,180,3,149,216,60,170,127,undefined,undefined,false,undefined,init,init,init,init,init,init,init,init,{},{},true,true,true,true,true,true,true,true,{},{},"[""require"",""modify"",""init"",""default"",""ignore""]",{},{},null,{},undefined,undefined,{},0,0,true,false,true,true,false,undefined,{},null,ObjectID,97,195,148,166,13,180,3,149,216,60,170,127,Food,183,Integração Limite de Crédito,Atrasada,Wed Dec 22 2021 18:12:06 GMT-0300 (GMT-03:00),Wed Dec 22 2021 18:12:06 GMT-0300 (GMT-03:00),0,true
true,{},undefined,undefined,undefined,undefined,undefined,undefined,undefined,undefined,{},ObjectID,97,195,149,30,13,180,3,149,216,60,170,131,undefined,undefined,false,undefined,init,init,init,init,init,init,init,init,{},{},true,true,true,true,true,true,true,true,{},{},"[""require"",""modify"",""init"",""default"",""ignore""]",{},{},null,{},undefined,undefined,{},0,0,true,false,true,true,false,undefined,{},null,ObjectID,97,195,149,30,13,180,3,149,216,60,170,131,Unilever,402,Atualizar Cliente TradeMaster,Atrasada,Wed Dec 22 2021 18:14:06 GMT-0300 (GMT-03:00),Wed Dec 22 2021 18:14:06 GMT-0300 (GMT-03:00),0,true
true,{},undefined,undefined,undefined,undefined,undefined,undefined,undefined,undefined,{},ObjectID,97,195,149,90,13,180,3,149,216,60,170,134,undefined,undefined,false,undefined,init,init,init,init,init,init,init,init,{},{},true,true,true,true,true,true,true,true,{},{},"[""require"",""modify"",""init"",""default"",""ignore""]",{},{},null,{},undefined,undefined,{},0,0,true,false,true,true,false,undefined,{},null,ObjectID,97,195,149,90,13,180,3,149,216,60,170,134,Middleware,186,Integração Notificação Cliente,Atrasada,Wed Dec 22 2021 18:15:06 GMT-0300 (GMT-03:00),Wed Dec 22 2021 18:15:06 GMT-0300 (GMT-03:00),0,true
true,{},undefined,undefined,undefined,undefined,undefined,undefined,undefined,undefined,{},ObjectID,97,195,149,150,13,180,3,149,216,60,170,137,undefined,undefined,false,undefined,init,init,init,init,init,init,init,init,{},{},true,true,true,true,true,true,true,true,{},{},"[""require"",""modify"",""init"",""default"",""ignore""]",{},{},null,{},undefined,undefined,{},0,0,true,false,true,true,false,undefined,{},null,ObjectID,97,195,149,150,13,180,3,149,216,60,170,137,Middleware,324,Estoque para loja,Normalizada,Wed Dec 22 2021 18:16:06 GMT-0300 (GMT-03:00),Wed Dec 22 2021 18:16:06 GMT-0300 (GMT-03:00),0,true
true,{},undefined,undefined,undefined,undefined,undefined,undefined,undefined,undefined,{},ObjectID,97,195,149,210,13,180,3,149,216,60,170,140,undefined,undefined,false,undefined,init,init,init,init,init,init,init,init,{},{},true,true,true,true,true,true,true,true,{},{},"[""require"",""modify"",""init"",""default"",""ignore""]",{},{},null,{},undefined,undefined,{},0,0,true,false,true,true,false,undefined,{},null,ObjectID,97,195,149,210,13,180,3,149,216,60,170,140,Unilever,402,Atualizar Cliente TradeMaster,Normalizada,Wed Dec 22 2021 18:17:06 GMT-0300 (GMT-03:00),Wed Dec 22 2021 18:17:06 GMT-0300 (GMT-03:00),0,true
true,{},undefined,undefined,undefined,undefined,undefined,undefined,undefined,undefined,{},ObjectID,97,195,149,210,13,180,3,149,216,60,170,141,undefined,undefined,false,undefined,init,init,init,init,init,init,init,init,{},{},true,true,true,true,true,true,true,true,{},{},"[""require"",""modify"",""init"",""default"",""ignore""]",{},{},null,{},undefined,undefined,{},0,0,true,false,true,true,false,undefined,{},null,ObjectID,97,195,149,210,13,180,3,149,216,60,170,141,Food,183,Integração Limite de Crédito,Normalizada,Wed Dec 22 2021 18:17:06 GMT-0300 (GMT-03:00),Wed Dec 22 2021 18:17:06 GMT-0300 (GMT-03:00),0,true
true,{},undefined,undefined,undefined,undefined,undefined,undefined,undefined,undefined,{},ObjectID,97,195,149,210,13,180,3,149,216,60,170,142,undefined,undefined,false,undefined,init,init,init,init,init,init,init,init,{},{},true,true,true,true,true,true,true,true,{},{},"[""require"",""modify"",""init"",""default"",""ignore""]",{},{},null,{},undefined,undefined,{},0,0,true,false,true,true,false,undefined,{},null,ObjectID,97,195,149,210,13,180,3,149,216,60,170,142,Middleware,186,Integração Notificação Cliente,Normalizada,Wed Dec 22 2021 18:17:06 GMT-0300 (GMT-03:00),Wed Dec 22 2021 18:17:06 GMT-0300 (GMT-03:00),0,true
true,{},undefined,undefined,undefined,undefined,undefined,undefined,undefined,undefined,{},ObjectID,97,195,150,254,13,180,3,149,216,60,170,151,undefined,undefined,false,undefined,init,init,init,init,init,init,init,init,{},{},true,true,true,true,true,true,true,true,{},{},"[""require"",""modify"",""init"",""default"",""ignore""]",{},{},null,{},undefined,undefined,{},0,0,true,false,true,true,false,undefined,{},null,ObjectID,97,195,150,254,13,180,3,149,216,60,170,151,Unilever,402,Atualizar Cliente TradeMaster,Atrasada,Wed Dec 22 2021 18:22:06 GMT-0300 (GMT-03:00),Wed Dec 22 2021 18:22:06 GMT-0300 (GMT-03:00),0,true
true,{},undefined,undefined,undefined,undefined,undefined,undefined,undefined,undefined,{},ObjectID,97,195,150,254,13,180,3,149,216,60,170,152,undefined,undefined,false,undefined,init,init,init,init,init,init,init,init,{},{},true,true,true,true,true,true,true,true,{},{},"[""require"",""modify"",""init"",""default"",""ignore""]",{},{},null,{},undefined,undefined,{},0,0,true,false,true,true,false,undefined,{},null,ObjectID,97,195,150,254,13,180,3,149,216,60,170,152,Middleware,324,Estoque para loja,Atrasada,Wed Dec 22 2021 18:22:06 GMT-0300 (GMT-03:00),Wed Dec 22 2021 18:22:06 GMT-0300 (GMT-03:00),0,true
true,{},undefined,undefined,undefined,undefined,undefined,undefined,undefined,undefined,{},ObjectID,97,195,151,178,13,180,3,149,216,60,170,158,undefined,undefined,false,undefined,init,init,init,init,init,init,init,init,{},{},true,true,true,true,true,true,true,true,{},{},"[""require"",""modify"",""init"",""default"",""ignore""]",{},{},null,{},undefined,undefined,{},0,0,true,false,true,true,false,undefined,{},null,ObjectID,97,195,151,178,13,180,3,149,216,60,170,158,Unilever,402,Atualizar Cliente TradeMaster,Normalizada,Wed Dec 22 2021 18:25:06 GMT-0300 (GMT-03:00),Wed Dec 22 2021 18:25:06 GMT-0300 (GMT-03:00),0,true
true,{},undefined,undefined,undefined,undefined,undefined,undefined,undefined,undefined,{},ObjectID,97,195,151,238,13,180,3,149,216,60,170,161,undefined,undefined,false,undefined,init,init,init,init,init,init,init,init,{},{},true,true,true,true,true,true,true,true,{},{},"[""require"",""modify"",""init"",""default"",""ignore""]",{},{},null,{},undefined,undefined,{},0,0,true,false,true,true,false,undefined,{},null,ObjectID,97,195,151,238,13,180,3,149,216,60,170,161,AbasteceBem,206,Alimentar PedidosBI Hora,Parada,Wed Dec 22 2021 18:26:06 GMT-0300 (GMT-03:00),Wed Dec 22 2021 18:26:06 GMT-0300 (GMT-03:00),0,true
true,{},undefined,undefined,undefined,undefined,undefined,undefined,undefined,undefined,{},ObjectID,97,195,152,222,13,180,3,149,216,60,170,167,undefined,undefined,false,undefined,init,init,init,init,init,init,init,init,{},{},true,true,true,true,true,true,true,true,{},{},"[""require"",""modify"",""init"",""default"",""ignore""]",{},{},null,{},undefined,undefined,{},0,0,true,false,true,true,false,undefined,{},null,ObjectID,97,195,152,222,13,180,3,149,216,60,170,167,Unilever,402,Atualizar Cliente TradeMaster,Atrasada,Wed Dec 22 2021 18:30:06 GMT-0300 (GMT-03:00),Wed Dec 22 2021 18:30:06 GMT-0300 (GMT-03:00),0,true
true,{},undefined,undefined,undefined,undefined,undefined,undefined,undefined,undefined,{},ObjectID,97,195,153,26,13,180,3,149,216,60,170,170,undefined,undefined,false,undefined,init,init,init,init,init,init,init,init,{},{},true,true,true,true,true,true,true,true,{},{},"[""require"",""modify"",""init"",""default"",""ignore""]",{},{},null,{},undefined,undefined,{},0,0,true,false,true,true,false,undefined,{},null,ObjectID,97,195,153,26,13,180,3,149,216,60,170,170,Unilever,185,Importar Cliente,Normalizada,Wed Dec 22 2021 18:31:06 GMT-0300 (GMT-03:00),Wed Dec 22 2021 18:31:06 GMT-0300 (GMT-03:00),0,true
true,{},undefined,undefined,undefined,undefined,undefined,undefined,undefined,undefined,{},ObjectID,97,195,153,86,13,180,3,149,216,60,170,173,undefined,undefined,false,undefined,init,init,init,init,init,init,init,init,{},{},true,true,true,true,true,true,true,true,{},{},"[""require"",""modify"",""init"",""default"",""ignore""]",{},{},null,{},undefined,undefined,{},0,0,true,false,true,true,false,undefined,{},null,ObjectID,97,195,153,86,13,180,3,149,216,60,170,173,Unilever,402,Atualizar Cliente TradeMaster,Normalizada,Wed Dec 22 2021 18:32:06 GMT-0300 (GMT-03:00),Wed Dec 22 2021 18:32:06 GMT-0300 (GMT-03:00),0,true
true,{},undefined,undefined,undefined,undefined,undefined,undefined,undefined,undefined,{},ObjectID,97,195,153,146,13,180,3,149,216,60,170,176,undefined,undefined,false,undefined,init,init,init,init,init,init,init,init,{},{},true,true,true,true,true,true,true,true,{},{},"[""require"",""modify"",""init"",""default"",""ignore""]",{},{},null,{},undefined,undefined,{},0,0,true,false,true,true,false,undefined,{},null,ObjectID,97,195,153,146,13,180,3,149,216,60,170,176,Food,184,Integração Preço,Atrasada,Wed Dec 22 2021 18:33:06 GMT-0300 (GMT-03:00),Wed Dec 22 2021 18:33:06 GMT-0300 (GMT-03:00),0,true
true,{},undefined,undefined,undefined,undefined,undefined,undefined,undefined,undefined,{},ObjectID,97,195,153,206,13,180,3,149,216,60,170,179,undefined,undefined,false,undefined,init,init,init,init,init,init,init,init,{},{},true,true,true,true,true,true,true,true,{},{},"[""require"",""modify"",""init"",""default"",""ignore""]",{},{},null,{},undefined,undefined,{},0,0,true,false,true,true,false,undefined,{},null,ObjectID,97,195,153,206,13,180,3,149,216,60,170,179,Food,184,Integração Preço,Normalizada,Wed Dec 22 2021 18:34:06 GMT-0300 (GMT-03:00),Wed Dec 22 2021 18:34:06 GMT-0300 (GMT-03:00),0,true
true,{},undefined,undefined,undefined,undefined,undefined,undefined,undefined,undefined,{},ObjectID,97,195,154,70,13,180,3,149,216,60,170,183,undefined,undefined,false,undefined,init,init,init,init,init,init,init,init,{},{},true,true,true,true,true,true,true,true,{},{},"[""require"",""modify"",""init"",""default"",""ignore""]",{},{},null,{},undefined,undefined,{},0,0,true,false,true,true,false,undefined,{},null,ObjectID,97,195,154,70,13,180,3,149,216,60,170,183,Unilever,186,Integração Notificação Cliente,Atrasada,Wed Dec 22 2021 18:36:06 GMT-0300 (GMT-03:00),Wed Dec 22 2021 18:36:06 GMT-0300 (GMT-03:00),0,true
true,{},undefined,undefined,undefined,undefined,undefined,undefined,undefined,undefined,{},ObjectID,97,195,154,130,13,180,3,149,216,60,170,186,undefined,undefined,false,undefined,init,init,init,init,init,init,init,init,{},{},true,true,true,true,true,true,true,true,{},{},"[""require"",""modify"",""init"",""default"",""ignore""]",{},{},null,{},undefined,undefined,{},0,0,true,false,true,true,false,undefined,{},null,ObjectID,97,195,154,130,13,180,3,149,216,60,170,186,Unilever,185,Importar Cliente,Atrasada,Wed Dec 22 2021 18:37:06 GMT-0300 (GMT-03:00),Wed Dec 22 2021 18:37:06 GMT-0300 (GMT-03:00),0,true
true,{},undefined,undefined,undefined,undefined,undefined,undefined,undefined,undefined,{},ObjectID,97,195,154,130,13,180,3,149,216,60,170,187,undefined,undefined,false,undefined,init,init,init,init,init,init,init,init,{},{},true,true,true,true,true,true,true,true,{},{},"[""require"",""modify"",""init"",""default"",""ignore""]",{},{},null,{},undefined,undefined,{},0,0,true,false,true,true,false,undefined,{},null,ObjectID,97,195,154,130,13,180,3,149,216,60,170,187,Unilever,402,Atualizar Cliente TradeMaster,Atrasada,Wed Dec 22 2021 18:37:06 GMT-0300 (GMT-03:00),Wed Dec 22 2021 18:37:06 GMT-0300 (GMT-03:00),0,true
true,{},undefined,undefined,undefined,undefined,undefined,undefined,undefined,undefined,{},ObjectID,97,195,155,54,13,180,3,149,216,60,170,193,undefined,undefined,false,undefined,init,init,init,init,init,init,init,init,{},{},true,true,true,true,true,true,true,true,{},{},"[""require"",""modify"",""init"",""default"",""ignore""]",{},{},null,{},undefined,undefined,{},0,0,true,false,true,true,false,undefined,{},null,ObjectID,97,195,155,54,13,180,3,149,216,60,170,193,Unilever,402,Atualizar Cliente TradeMaster,Normalizada,Wed Dec 22 2021 18:40:06 GMT-0300 (GMT-03:00),Wed Dec 22 2021 18:40:06 GMT-0300 (GMT-03:00),0,true
true,{},undefined,undefined,undefined,undefined,undefined,undefined,undefined,undefined,{},ObjectID,97,195,155,54,13,180,3,149,216,60,170,194,undefined,undefined,false,undefined,init,init,init,init,init,init,init,init,{},{},true,true,true,true,true,true,true,true,{},{},"[""require"",""modify"",""init"",""default"",""ignore""]",{},{},null,{},undefined,undefined,{},0,0,true,false,true,true,false,undefined,{},null,ObjectID,97,195,155,54,13,180,3,149,216,60,170,194,Unilever,186,Integração Notificação Cliente,Normalizada,Wed Dec 22 2021 18:40:06 GMT-0300 (GMT-03:00),Wed Dec 22 2021 18:40:06 GMT-0300 (GMT-03:00),0,true
true,{},undefined,undefined,undefined,undefined,undefined,undefined,undefined,undefined,{},ObjectID,97,195,155,54,13,180,3,149,216,60,170,195,undefined,undefined,false,undefined,init,init,init,init,init,init,init,init,{},{},true,true,true,true,true,true,true,true,{},{},"[""require"",""modify"",""init"",""default"",""ignore""]",{},{},null,{},undefined,undefined,{},0,0,true,false,true,true,false,undefined,{},null,ObjectID,97,195,155,54,13,180,3,149,216,60,170,195,Middleware,186,Integração Notificação Cliente,Atrasada,Wed Dec 22 2021 18:40:06 GMT-0300 (GMT-03:00),Wed Dec 22 2021 18:40:06 GMT-0300 (GMT-03:00),0,true
true,{},undefined,undefined,undefined,undefined,undefined,undefined,undefined,undefined,{},ObjectID,97,195,156,38,13,180,3,149,216,60,170,203,undefined,undefined,false,undefined,init,init,init,init,init,init,init,init,{},{},true,true,true,true,true,true,true,true,{},{},"[""require"",""modify"",""init"",""default"",""ignore""]",{},{},null,{},undefined,undefined,{},0,0,true,false,true,true,false,undefined,{},null,ObjectID,97,195,156,38,13,180,3,149,216,60,170,203,Food,184,Integração Preço,Atrasada,Wed Dec 22 2021 18:44:06 GMT-0300 (GMT-03:00),Wed Dec 22 2021 18:44:06 GMT-0300 (GMT-03:00),0,true
true,{},undefined,undefined,undefined,undefined,undefined,undefined,undefined,undefined,{},ObjectID,97,195,156,38,13,180,3,149,216,60,170,204,undefined,undefined,false,undefined,init,init,init,init,init,init,init,init,{},{},true,true,true,true,true,true,true,true,{},{},"[""require"",""modify"",""init"",""default"",""ignore""]",{},{},null,{},undefined,undefined,{},0,0,true,false,true,true,false,undefined,{},null,ObjectID,97,195,156,38,13,180,3,149,216,60,170,204,Middleware,186,Integração Notificação Cliente,Normalizada,Wed Dec 22 2021 18:44:06 GMT-0300 (GMT-03:00),Wed Dec 22 2021 18:44:06 GMT-0300 (GMT-03:00),0,true
true,{},undefined,undefined,undefined,undefined,undefined,undefined,undefined,undefined,{},ObjectID,97,195,156,98,13,180,3,149,216,60,170,208,undefined,undefined,false,undefined,init,init,init,init,init,init,init,init,{},{},true,true,true,true,true,true,true,true,{},{},"[""require"",""modify"",""init"",""default"",""ignore""]",{},{},null,{},undefined,undefined,{},0,0,true,false,true,true,false,undefined,{},null,ObjectID,97,195,156,98,13,180,3,149,216,60,170,208,Unilever,402,Atualizar Cliente TradeMaster,Atrasada,Wed Dec 22 2021 18:45:06 GMT-0300 (GMT-03:00),Wed Dec 22 2021 18:45:06 GMT-0300 (GMT-03:00),0,true
true,{},undefined,undefined,undefined,undefined,undefined,undefined,undefined,undefined,{},ObjectID,97,195,156,98,13,180,3,149,216,60,170,209,undefined,undefined,false,undefined,init,init,init,init,init,init,init,init,{},{},true,true,true,true,true,true,true,true,{},{},"[""require"",""modify"",""init"",""default"",""ignore""]",{},{},null,{},undefined,undefined,{},0,0,true,false,true,true,false,undefined,{},null,ObjectID,97,195,156,98,13,180,3,149,216,60,170,209,Unilever,186,Integração Notificação Cliente,Atrasada,Wed Dec 22 2021 18:45:06 GMT-0300 (GMT-03:00),Wed Dec 22 2021 18:45:06 GMT-0300 (GMT-03:00),0,true
true,{},undefined,undefined,undefined,undefined,undefined,undefined,undefined,undefined,{},ObjectID,97,195,156,158,13,180,3,149,216,60,170,213,undefined,undefined,false,undefined,init,init,init,init,init,init,init,init,{},{},true,true,true,true,true,true,true,true,{},{},"[""require"",""modify"",""init"",""default"",""ignore""]",{},{},null,{},undefined,undefined,{},0,0,true,false,true,true,false,undefined,{},null,ObjectID,97,195,156,158,13,180,3,149,216,60,170,213,Unilever,186,Integração Notificação Cliente,Normalizada,Wed Dec 22 2021 18:46:06 GMT-0300 (GMT-03:00),Wed Dec 22 2021 18:46:06 GMT-0300 (GMT-03:00),0,true
true,{},undefined,undefined,undefined,undefined,undefined,undefined,undefined,undefined,{},ObjectID,97,195,156,218,13,180,3,149,216,60,170,216,undefined,undefined,false,undefined,init,init,init,init,init,init,init,init,{},{},true,true,true,true,true,true,true,true,{},{},"[""require"",""modify"",""init"",""default"",""ignore""]",{},{},null,{},undefined,undefined,{},0,0,true,false,true,true,false,undefined,{},null,ObjectID,97,195,156,218,13,180,3,149,216,60,170,216,Unilever,402,Atualizar Cliente TradeMaster,Normalizada,Wed Dec 22 2021 18:47:06 GMT-0300 (GMT-03:00),Wed Dec 22 2021 18:47:06 GMT-0300 (GMT-03:00),0,true
true,{},undefined,undefined,undefined,undefined,undefined,undefined,undefined,undefined,{},ObjectID,97,195,156,218,13,180,3,149,216,60,170,217,undefined,undefined,false,undefined,init,init,init,init,init,init,init,init,{},{},true,true,true,true,true,true,true,true,{},{},"[""require"",""modify"",""init"",""default"",""ignore""]",{},{},null,{},undefined,undefined,{},0,0,true,false,true,true,false,undefined,{},null,ObjectID,97,195,156,218,13,180,3,149,216,60,170,217,Food,184,Integração Preço,Normalizada,Wed Dec 22 2021 18:47:06 GMT-0300 (GMT-03:00),Wed Dec 22 2021 18:47:06 GMT-0300 (GMT-03:00),0,true
true,{},undefined,undefined,undefined,undefined,undefined,undefined,undefined,undefined,{},ObjectID,97,195,156,218,13,180,3,149,216,60,170,218,undefined,undefined,false,undefined,init,init,init,init,init,init,init,init,{},{},true,true,true,true,true,true,true,true,{},{},"[""require"",""modify"",""init"",""default"",""ignore""]",{},{},null,{},undefined,undefined,{},0,0,true,false,true,true,false,undefined,{},null,ObjectID,97,195,156,218,13,180,3,149,216,60,170,218,Middleware,324,Estoque para loja,Normalizada,Wed Dec 22 2021 18:47:06 GMT-0300 (GMT-03:00),Wed Dec 22 2021 18:47:06 GMT-0300 (GMT-03:00),0,true
true,{},undefined,undefined,undefined,undefined,undefined,undefined,undefined,undefined,{},ObjectID,97,195,157,82,13,180,3,149,216,60,170,224,undefined,undefined,false,undefined,init,init,init,init,init,init,init,init,{},{},true,true,true,true,true,true,true,true,{},{},"[""require"",""modify"",""init"",""default"",""ignore""]",{},{},null,{},undefined,undefined,{},0,0,true,false,true,true,false,undefined,{},null,ObjectID,97,195,157,82,13,180,3,149,216,60,170,224,Middleware,186,Integração Notificação Cliente,Atrasada,Wed Dec 22 2021 18:49:06 GMT-0300 (GMT-03:00),Wed Dec 22 2021 18:49:06 GMT-0300 (GMT-03:00),0,true
true,{},undefined,undefined,undefined,undefined,undefined,undefined,undefined,undefined,{},ObjectID,97,195,157,202,13,180,3,149,216,60,170,228,undefined,undefined,false,undefined,init,init,init,init,init,init,init,init,{},{},true,true,true,true,true,true,true,true,{},{},"[""require"",""modify"",""init"",""default"",""ignore""]",{},{},null,{},undefined,undefined,{},0,0,true,false,true,true,false,undefined,{},null,ObjectID,97,195,157,202,13,180,3,149,216,60,170,228,Unilever,193,Disparar Emails,Parada,Wed Dec 22 2021 18:51:06 GMT-0300 (GMT-03:00),Wed Dec 22 2021 18:51:06 GMT-0300 (GMT-03:00),0,true
true,{},undefined,undefined,undefined,undefined,undefined,undefined,undefined,undefined,{},ObjectID,97,195,158,6,13,180,3,149,216,60,170,231,undefined,undefined,false,undefined,init,init,init,init,init,init,init,init,{},{},true,true,true,true,true,true,true,true,{},{},"[""require"",""modify"",""init"",""default"",""ignore""]",{},{},null,{},undefined,undefined,{},0,0,true,false,true,true,false,undefined,{},null,ObjectID,97,195,158,6,13,180,3,149,216,60,170,231,Unilever,402,Atualizar Cliente TradeMaster,Atrasada,Wed Dec 22 2021 18:52:06 GMT-0300 (GMT-03:00),Wed Dec 22 2021 18:52:06 GMT-0300 (GMT-03:00),0,true
true,{},undefined,undefined,undefined,undefined,undefined,undefined,undefined,undefined,{},ObjectID,97,195,158,6,13,180,3,149,216,60,170,232,undefined,undefined,false,undefined,init,init,init,init,init,init,init,init,{},{},true,true,true,true,true,true,true,true,{},{},"[""require"",""modify"",""init"",""default"",""ignore""]",{},{},null,{},undefined,undefined,{},0,0,true,false,true,true,false,undefined,{},null,ObjectID,97,195,158,6,13,180,3,149,216,60,170,232,Food,184,Integração Preço,Atrasada,Wed Dec 22 2021 18:52:06 GMT-0300 (GMT-03:00),Wed Dec 22 2021 18:52:06 GMT-0300 (GMT-03:00),0,true
true,{},undefined,undefined,undefined,undefined,undefined,undefined,undefined,undefined,{},ObjectID,97,195,158,6,13,180,3,149,216,60,170,233,undefined,undefined,false,undefined,init,init,init,init,init,init,init,init,{},{},true,true,true,true,true,true,true,true,{},{},"[""require"",""modify"",""init"",""default"",""ignore""]",{},{},null,{},undefined,undefined,{},0,0,true,false,true,true,false,undefined,{},null,ObjectID,97,195,158,6,13,180,3,149,216,60,170,233,Middleware,324,Estoque para loja,Atrasada,Wed Dec 22 2021 18:52:06 GMT-0300 (GMT-03:00),Wed Dec 22 2021 18:52:06 GMT-0300 (GMT-03:00),0,true
true,{},undefined,undefined,undefined,undefined,undefined,undefined,undefined,undefined,{},ObjectID,97,195,158,126,13,180,3,149,216,60,170,239,undefined,undefined,false,undefined,init,init,init,init,init,init,init,init,{},{},true,true,true,true,true,true,true,true,{},{},"[""require"",""modify"",""init"",""default"",""ignore""]",{},{},null,{},undefined,undefined,{},0,0,true,false,true,true,false,undefined,{},null,ObjectID,97,195,158,126,13,180,3,149,216,60,170,239,Unilever,402,Atualizar Cliente TradeMaster,Normalizada,Wed Dec 22 2021 18:54:06 GMT-0300 (GMT-03:00),Wed Dec 22 2021 18:54:06 GMT-0300 (GMT-03:00),0,true
true,{},undefined,undefined,undefined,undefined,undefined,undefined,undefined,undefined,{},ObjectID,97,195,159,110,13,180,3,149,216,60,170,245,undefined,undefined,false,undefined,init,init,init,init,init,init,init,init,{},{},true,true,true,true,true,true,true,true,{},{},"[""require"",""modify"",""init"",""default"",""ignore""]",{},{},null,{},undefined,undefined,{},0,0,true,false,true,true,false,undefined,{},null,ObjectID,97,195,159,110,13,180,3,149,216,60,170,245,Middleware,186,Integração Notificação Cliente,Normalizada,Wed Dec 22 2021 18:58:06 GMT-0300 (GMT-03:00),Wed Dec 22 2021 18:58:06 GMT-0300 (GMT-03:00),0,true
true,{},undefined,undefined,undefined,undefined,undefined,undefined,undefined,undefined,{},ObjectID,97,195,159,170,13,180,3,149,216,60,170,248,undefined,undefined,false,undefined,init,init,init,init,init,init,init,init,{},{},true,true,true,true,true,true,true,true,{},{},"[""require"",""modify"",""init"",""default"",""ignore""]",{},{},null,{},undefined,undefined,{},0,0,true,false,true,true,false,undefined,{},null,ObjectID,97,195,159,170,13,180,3,149,216,60,170,248,Unilever,402,Atualizar Cliente TradeMaster,Atrasada,Wed Dec 22 2021 18:59:06 GMT-0300 (GMT-03:00),Wed Dec 22 2021 18:59:06 GMT-0300 (GMT-03:00),0,true
true,{},undefined,undefined,undefined,undefined,undefined,undefined,undefined,undefined,{},ObjectID,97,195,160,34,13,180,3,149,216,60,170,252,undefined,undefined,false,undefined,init,init,init,init,init,init,init,init,{},{},true,true,true,true,true,true,true,true,{},{},"[""require"",""modify"",""init"",""default"",""ignore""]",{},{},null,{},undefined,undefined,{},0,0,true,false,true,true,false,undefined,{},null,ObjectID,97,195,160,34,13,180,3,149,216,60,170,252,Unilever,402,Atualizar Cliente TradeMaster,Normalizada,Wed Dec 22 2021 19:01:06 GMT-0300 (GMT-03:00),Wed Dec 22 2021 19:01:06 GMT-0300 (GMT-03:00),0,true
true,{},undefined,undefined,undefined,undefined,undefined,undefined,undefined,undefined,{},ObjectID,97,195,161,18,88,170,59,142,16,128,132,192,undefined,undefined,false,undefined,init,init,init,init,init,init,init,init,{},{},true,true,true,true,true,true,true,true,{},{},"[""require"",""modify"",""init"",""default"",""ignore""]",{},{},null,{},undefined,undefined,{},0,0,true,false,true,true,false,undefined,{},null,ObjectID,97,195,161,18,88,170,59,142,16,128,132,192,Food,184,Integração Preço,Normalizada,Wed Dec 22 2021 19:05:06 GMT-0300 (GMT-03:00),Wed Dec 22 2021 19:05:06 GMT-0300 (GMT-03:00),0,true