hub,taskNumber,taskName,Status,data
Unilever,519,Sumarizao de Produtos,Atrasada,Sat Dec 25 2021 08:49:06 GMT-0300 (GMT-03:00)
Unilever,402,Atualizar Cliente TradeMaster,Normalizada,Sat Dec 25 2021 08:49:06 GMT-0300 (GMT-03:00)
Unilever,519,Sumarizao de Produtos,Normalizada,Sat Dec 25 2021 08:51:06 GMT-0300 (GMT-03:00)
Josapar,204,Enviar carrinhos abandonados para o parceiro MarketingTech,Normalizada,Sat Dec 25 2021 08:52:06 GMT-0300 (GMT-03:00)
Josapar,205,Alimentar Pedido Hora,Normalizada,Sat Dec 25 2021 08:52:06 GMT-0300 (GMT-03:00)
Josapar,206,Alimentar PedidosBI Hora,Normalizada,Sat Dec 25 2021 08:52:06 GMT-0300 (GMT-03:00)
Josapar,207,Alimentar PedidosBI Dia,Normalizada,Sat Dec 25 2021 08:52:06 GMT-0300 (GMT-03:00)
Coty - Loja do Varejo,204,Enviar carrinhos abandonados para o parceiro MarketingTech,Normalizada,Sat Dec 25 2021 08:52:06 GMT-0300 (GMT-03:00)
Coty - Loja do Varejo,205,Alimentar Pedido Hora,Normalizada,Sat Dec 25 2021 08:52:06 GMT-0300 (GMT-03:00)
Coty - Loja do Varejo,206,Alimentar PedidosBI Hora,Normalizada,Sat Dec 25 2021 08:52:06 GMT-0300 (GMT-03:00)
Coty - Loja do Varejo,207,Alimentar PedidosBI Dia,Normalizada,Sat Dec 25 2021 08:52:06 GMT-0300 (GMT-03:00)
Coty - Loja do Varejo,198,Integração de Política de Preço,Normalizada,Sat Dec 25 2021 08:52:06 GMT-0300 (GMT-03:00)
Unilever,402,Atualizar Cliente TradeMaster,Atrasada,Sat Dec 25 2021 08:53:06 GMT-0300 (GMT-03:00)
Unilever,402,Atualizar Cliente TradeMaster,Normalizada,Sat Dec 25 2021 08:55:06 GMT-0300 (GMT-03:00)
Josapar,204,Enviar carrinhos abandonados para o parceiro MarketingTech,Parada,Sat Dec 25 2021 08:59:06 GMT-0300 (GMT-03:00)
Coty - Loja do Varejo,204,Enviar carrinhos abandonados para o parceiro MarketingTech,Parada,Sat Dec 25 2021 08:59:06 GMT-0300 (GMT-03:00)
Unilever,402,Atualizar Cliente TradeMaster,Atrasada,Sat Dec 25 2021 09:00:06 GMT-0300 (GMT-03:00)
Unilever,402,Atualizar Cliente TradeMaster,Normalizada,Sat Dec 25 2021 09:01:06 GMT-0300 (GMT-03:00)
Unilever,402,Atualizar Cliente TradeMaster,Atrasada,Sat Dec 25 2021 09:06:06 GMT-0300 (GMT-03:00)
Unilever,402,Atualizar Cliente TradeMaster,Normalizada,Sat Dec 25 2021 09:08:06 GMT-0300 (GMT-03:00)
Middleware,320,Notificação Limite de Crédito,Atrasada,Sat Dec 25 2021 09:09:06 GMT-0300 (GMT-03:00)
AbasteceBem,206,Alimentar PedidosBI Hora,Parada,Sat Dec 25 2021 09:12:06 GMT-0300 (GMT-03:00)
Unilever,402,Atualizar Cliente TradeMaster,Atrasada,Sat Dec 25 2021 09:13:06 GMT-0300 (GMT-03:00)
Unilever,402,Atualizar Cliente TradeMaster,Normalizada,Sat Dec 25 2021 09:15:06 GMT-0300 (GMT-03:00)
Middleware,320,Notificação Limite de Crédito,Normalizada,Sat Dec 25 2021 09:19:06 GMT-0300 (GMT-03:00)
Unilever,402,Atualizar Cliente TradeMaster,Atrasada,Sat Dec 25 2021 09:20:06 GMT-0300 (GMT-03:00)
Unilever,402,Atualizar Cliente TradeMaster,Normalizada,Sat Dec 25 2021 09:22:06 GMT-0300 (GMT-03:00)
Middleware,320,Notificação Limite de Crédito,Atrasada,Sat Dec 25 2021 09:24:06 GMT-0300 (GMT-03:00)
Middleware,320,Notificação Limite de Crédito,Atrasada,Sat Dec 25 2021 09:33:06 GMT-0300 (GMT-03:00)
Unilever,402,Atualizar Cliente TradeMaster,Atrasada,Sat Dec 25 2021 09:34:06 GMT-0300 (GMT-03:00)
Vila Nova,220,Enfileirar e Reenfileirar EMail de Filial Pendente,Normalizada,Sat Dec 25 2021 09:34:06 GMT-0300 (GMT-03:00)
Josapar,204,Enviar carrinhos abandonados para o parceiro MarketingTech,Normalizada,Sat Dec 25 2021 09:34:06 GMT-0300 (GMT-03:00)
Unilever,402,Atualizar Cliente TradeMaster,Normalizada,Sat Dec 25 2021 09:36:06 GMT-0300 (GMT-03:00)
Middleware,320,Notificação Limite de Crédito,Normalizada,Sat Dec 25 2021 09:36:06 GMT-0300 (GMT-03:00)
Vila Nova,220,Enfileirar e Reenfileirar EMail de Filial Pendente,Atrasada,Sat Dec 25 2021 09:39:06 GMT-0300 (GMT-03:00)
Unilever,402,Atualizar Cliente TradeMaster,Atrasada,Sat Dec 25 2021 09:41:06 GMT-0300 (GMT-03:00)
Middleware,320,Notificação Limite de Crédito,Atrasada,Sat Dec 25 2021 09:41:06 GMT-0300 (GMT-03:00)
Josapar,204,Enviar carrinhos abandonados para o parceiro MarketingTech,Parada,Sat Dec 25 2021 09:41:06 GMT-0300 (GMT-03:00)
Unilever,402,Atualizar Cliente TradeMaster,Normalizada,Sat Dec 25 2021 09:43:06 GMT-0300 (GMT-03:00)
Middleware,320,Notificação Limite de Crédito,Normalizada,Sat Dec 25 2021 09:46:06 GMT-0300 (GMT-03:00)
Unilever,402,Atualizar Cliente TradeMaster,Atrasada,Sat Dec 25 2021 09:48:06 GMT-0300 (GMT-03:00)
Unilever,402,Atualizar Cliente TradeMaster,Normalizada,Sat Dec 25 2021 09:50:06 GMT-0300 (GMT-03:00)
Middleware,320,Notificação Limite de Crédito,Atrasada,Sat Dec 25 2021 09:51:06 GMT-0300 (GMT-03:00)
Middleware,320,Notificação Limite de Crédito,Normalizada,Sat Dec 25 2021 09:54:06 GMT-0300 (GMT-03:00)
Unilever,402,Atualizar Cliente TradeMaster,Atrasada,Sat Dec 25 2021 09:55:06 GMT-0300 (GMT-03:00)
Unilever,519,Sumarizao de Produtos,Atrasada,Sat Dec 25 2021 09:56:06 GMT-0300 (GMT-03:00)
Coty - Loja do Varejo,206,Alimentar PedidosBI Hora,Parada,Sat Dec 25 2021 09:56:06 GMT-0300 (GMT-03:00)
Unilever,402,Atualizar Cliente TradeMaster,Normalizada,Sat Dec 25 2021 09:57:06 GMT-0300 (GMT-03:00)
Josapar,206,Alimentar PedidosBI Hora,Parada,Sat Dec 25 2021 09:57:06 GMT-0300 (GMT-03:00)
Middleware,320,Notificação Limite de Crédito,Atrasada,Sat Dec 25 2021 09:59:06 GMT-0300 (GMT-03:00)
Unilever,402,Atualizar Cliente TradeMaster,Atrasada,Sat Dec 25 2021 10:02:06 GMT-0300 (GMT-03:00)
Middleware,320,Notificação Limite de Crédito,Normalizada,Sat Dec 25 2021 10:02:06 GMT-0300 (GMT-03:00)
Unilever,402,Atualizar Cliente TradeMaster,Normalizada,Sat Dec 25 2021 10:04:06 GMT-0300 (GMT-03:00)
Middleware,320,Notificação Limite de Crédito,Atrasada,Sat Dec 25 2021 10:07:06 GMT-0300 (GMT-03:00)
Middleware,320,Notificação Limite de Crédito,Normalizada,Sat Dec 25 2021 10:08:06 GMT-0300 (GMT-03:00)
Unilever,402,Atualizar Cliente TradeMaster,Atrasada,Sat Dec 25 2021 10:09:06 GMT-0300 (GMT-03:00)
Unilever,402,Atualizar Cliente TradeMaster,Normalizada,Sat Dec 25 2021 10:11:06 GMT-0300 (GMT-03:00)
Middleware,320,Notificação Limite de Crédito,Atrasada,Sat Dec 25 2021 10:13:06 GMT-0300 (GMT-03:00)
Middleware,320,Notificação Limite de Crédito,Normalizada,Sat Dec 25 2021 10:15:06 GMT-0300 (GMT-03:00)
Unilever,402,Atualizar Cliente TradeMaster,Atrasada,Sat Dec 25 2021 10:16:06 GMT-0300 (GMT-03:00)
Unilever,402,Atualizar Cliente TradeMaster,Normalizada,Sat Dec 25 2021 10:18:06 GMT-0300 (GMT-03:00)
Unilever,402,Atualizar Cliente TradeMaster,Atrasada,Sat Dec 25 2021 10:23:06 GMT-0300 (GMT-03:00)
Unilever,402,Atualizar Cliente TradeMaster,Normalizada,Sat Dec 25 2021 10:25:06 GMT-0300 (GMT-03:00)
Unilever,402,Atualizar Cliente TradeMaster,Atrasada,Sat Dec 25 2021 10:30:06 GMT-0300 (GMT-03:00)
Unilever,519,Sumarizao de Produtos,Normalizada,Sat Dec 25 2021 10:31:06 GMT-0300 (GMT-03:00)
Coty - Loja do Varejo,204,Enviar carrinhos abandonados para o parceiro MarketingTech,Normalizada,Sat Dec 25 2021 10:31:06 GMT-0300 (GMT-03:00)
Coty - Loja do Varejo,206,Alimentar PedidosBI Hora,Normalizada,Sat Dec 25 2021 10:31:06 GMT-0300 (GMT-03:00)
Unilever,402,Atualizar Cliente TradeMaster,Atrasada,Sat Dec 25 2021 10:37:06 GMT-0300 (GMT-03:00)
Coty - Loja do Varejo,204,Enviar carrinhos abandonados para o parceiro MarketingTech,Parada,Sat Dec 25 2021 10:38:06 GMT-0300 (GMT-03:00)
Unilever,402,Atualizar Cliente TradeMaster,Normalizada,Sat Dec 25 2021 10:39:06 GMT-0300 (GMT-03:00)
Unilever,402,Atualizar Cliente TradeMaster,Atrasada,Sat Dec 25 2021 10:44:06 GMT-0300 (GMT-03:00)
Unilever,402,Atualizar Cliente TradeMaster,Normalizada,Sat Dec 25 2021 10:46:06 GMT-0300 (GMT-03:00)
Coty - Loja do Varejo,198,Integração de Política de Preço,Atrasada,Sat Dec 25 2021 10:48:06 GMT-0300 (GMT-03:00)
Unilever,402,Atualizar Cliente TradeMaster,Atrasada,Sat Dec 25 2021 10:51:06 GMT-0300 (GMT-03:00)
Unilever,402,Atualizar Cliente TradeMaster,Normalizada,Sat Dec 25 2021 10:53:06 GMT-0300 (GMT-03:00)
Unilever,402,Atualizar Cliente TradeMaster,Atrasada,Sat Dec 25 2021 10:58:06 GMT-0300 (GMT-03:00)
Unilever,402,Atualizar Cliente TradeMaster,Normalizada,Sat Dec 25 2021 11:00:06 GMT-0300 (GMT-03:00)
Middleware,198,Integração de Política de Preço,Atrasada,Sat Dec 25 2021 11:04:06 GMT-0300 (GMT-03:00)
Unilever,402,Atualizar Cliente TradeMaster,Atrasada,Sat Dec 25 2021 11:05:06 GMT-0300 (GMT-03:00)
Unilever,402,Atualizar Cliente TradeMaster,Normalizada,Sat Dec 25 2021 11:07:06 GMT-0300 (GMT-03:00)
Middleware,198,Integração de Política de Preço,Normalizada,Sat Dec 25 2021 11:08:06 GMT-0300 (GMT-03:00)
Unilever,402,Atualizar Cliente TradeMaster,Atrasada,Sat Dec 25 2021 11:12:06 GMT-0300 (GMT-03:00)
Unilever,508,Disparar Emails (Pedidos Confirmados e Aprovados),Parada,Sat Dec 25 2021 11:13:06 GMT-0300 (GMT-03:00)
Unilever,402,Atualizar Cliente TradeMaster,Normalizada,Sat Dec 25 2021 11:13:06 GMT-0300 (GMT-03:00)
Unilever,400,Importar Planilha de Gestão Massiva de Produtos,Atrasada,Sat Dec 25 2021 11:26:56 GMT-0300 (GMT-03:00)
Unilever,173,Consultar Resultado da Análise de Risco Massivo,Atrasada,Sat Dec 25 2021 11:26:56 GMT-0300 (GMT-03:00)
Unilever,174,Confirmar Resultado da Análise de Risco,Atrasada,Sat Dec 25 2021 11:26:56 GMT-0300 (GMT-03:00)
Unilever,204,Enviar carrinhos abandonados para o parceiro MarketingTech,Atrasada,Sat Dec 25 2021 11:26:56 GMT-0300 (GMT-03:00)
Unilever,208,Envio automático de relatórios,Atrasada,Sat Dec 25 2021 11:26:56 GMT-0300 (GMT-03:00)
Unilever,214,Importar Fretes,Atrasada,Sat Dec 25 2021 11:26:56 GMT-0300 (GMT-03:00)
Unilever,506,Importar Cadastros Planilha,Atrasada,Sat Dec 25 2021 11:26:56 GMT-0300 (GMT-03:00)
Unilever,168,Reprocessar Pedidos com Erro de Captura,Atrasada,Sat Dec 25 2021 11:26:56 GMT-0300 (GMT-03:00)
Unilever,188,Importar Produtos,Atrasada,Sat Dec 25 2021 11:26:56 GMT-0300 (GMT-03:00)
Unilever,511,Disparar Push Notification,Atrasada,Sat Dec 25 2021 11:26:56 GMT-0300 (GMT-03:00)
Unilever,516,Disparar Emails (Operadores Reprovação do Cadastro após intervalo de dias),Atrasada,Sat Dec 25 2021 11:26:56 GMT-0300 (GMT-03:00)
Unilever,193,Disparar Emails,Atrasada,Sat Dec 25 2021 11:26:56 GMT-0300 (GMT-03:00)
Unilever,1001,Importar Planilha de Promoções,Atrasada,Sat Dec 25 2021 11:26:56 GMT-0300 (GMT-03:00)
Unilever,507,Disparar Emails (Cliente),Atrasada,Sat Dec 25 2021 11:26:56 GMT-0300 (GMT-03:00)
Unilever,509,"Disparar Emails (Pedidos Faturados, Expedidos, Entregues)",Atrasada,Sat Dec 25 2021 11:26:56 GMT-0300 (GMT-03:00)
Unilever,182,Integração Estoque,Atrasada,Sat Dec 25 2021 11:26:56 GMT-0300 (GMT-03:00)
Unilever,184,Integração Preço,Atrasada,Sat Dec 25 2021 11:26:56 GMT-0300 (GMT-03:00)
Unilever,183,Integração Limite de Crédito,Atrasada,Sat Dec 25 2021 11:26:56 GMT-0300 (GMT-03:00)
Unilever,185,Importar Cliente,Atrasada,Sat Dec 25 2021 11:26:56 GMT-0300 (GMT-03:00)
Unilever,401,Notificar TradeMaster,Atrasada,Sat Dec 25 2021 11:26:56 GMT-0300 (GMT-03:00)
Unilever,402,Atualizar Cliente TradeMaster,Atrasada,Sat Dec 25 2021 11:26:56 GMT-0300 (GMT-03:00)
Unilever,403,Estorna Limite TradeMaster,Atrasada,Sat Dec 25 2021 11:26:56 GMT-0300 (GMT-03:00)
Unilever,186,Integração Notificação Cliente,Atrasada,Sat Dec 25 2021 11:26:56 GMT-0300 (GMT-03:00)
Unilever,190,Integração Pagamento,Atrasada,Sat Dec 25 2021 11:26:56 GMT-0300 (GMT-03:00)
Unilever,192,Integração de Tracking,Atrasada,Sat Dec 25 2021 11:26:56 GMT-0300 (GMT-03:00)
Unilever,198,Integração de Política de Preço,Atrasada,Sat Dec 25 2021 11:26:56 GMT-0300 (GMT-03:00)
Food,400,Importar Planilha de Gestão Massiva de Produtos,Atrasada,Sat Dec 25 2021 11:26:56 GMT-0300 (GMT-03:00)
Food,173,Consultar Resultado da Análise de Risco Massivo,Atrasada,Sat Dec 25 2021 11:26:56 GMT-0300 (GMT-03:00)
Food,174,Confirmar Resultado da Análise de Risco,Atrasada,Sat Dec 25 2021 11:26:56 GMT-0300 (GMT-03:00)
Food,204,Enviar carrinhos abandonados para o parceiro MarketingTech,Atrasada,Sat Dec 25 2021 11:26:56 GMT-0300 (GMT-03:00)
Food,208,Envio automático de relatórios,Atrasada,Sat Dec 25 2021 11:26:56 GMT-0300 (GMT-03:00)
Food,214,Importar Fretes,Atrasada,Sat Dec 25 2021 11:26:56 GMT-0300 (GMT-03:00)
Food,506,Importar Cadastros Planilha,Atrasada,Sat Dec 25 2021 11:26:56 GMT-0300 (GMT-03:00)
Food,168,Reprocessar Pedidos com Erro de Captura,Atrasada,Sat Dec 25 2021 11:26:56 GMT-0300 (GMT-03:00)
Food,188,Importar Produtos,Atrasada,Sat Dec 25 2021 11:26:56 GMT-0300 (GMT-03:00)
Food,511,Disparar Push Notification,Atrasada,Sat Dec 25 2021 11:26:56 GMT-0300 (GMT-03:00)
Food,514,Disparar Emails (Operadores Reprovação do Cadastro após intervalo de dias),Atrasada,Sat Dec 25 2021 11:26:56 GMT-0300 (GMT-03:00)
Unilever,187,Integração Status de Cliente,Atrasada,Sat Dec 25 2021 11:26:56 GMT-0300 (GMT-03:00)
Unilever,189,Integração de Pedidos (Distribuidor),Atrasada,Sat Dec 25 2021 11:26:56 GMT-0300 (GMT-03:00)
Unilever,203,Integração de Pedidos (iHub),Atrasada,Sat Dec 25 2021 11:26:56 GMT-0300 (GMT-03:00)
Unilever,213,Integração de Pedidos (Parceiro),Atrasada,Sat Dec 25 2021 11:26:56 GMT-0300 (GMT-03:00)
Food,193,Disparar Emails,Atrasada,Sat Dec 25 2021 11:26:56 GMT-0300 (GMT-03:00)
Food,507,Disparar Emails (Cliente),Atrasada,Sat Dec 25 2021 11:26:56 GMT-0300 (GMT-03:00)
Food,508,Disparar Emails (Pedidos Confirmados e Aprovados),Atrasada,Sat Dec 25 2021 11:26:56 GMT-0300 (GMT-03:00)
Food,509,"Disparar Emails (Pedidos Faturados, Expedidos, Entregues)",Atrasada,Sat Dec 25 2021 11:26:56 GMT-0300 (GMT-03:00)
Food,182,Integração Estoque,Atrasada,Sat Dec 25 2021 11:26:56 GMT-0300 (GMT-03:00)
Food,184,Integração Preço,Atrasada,Sat Dec 25 2021 11:26:56 GMT-0300 (GMT-03:00)
Food,183,Integração Limite de Crédito,Atrasada,Sat Dec 25 2021 11:26:56 GMT-0300 (GMT-03:00)
Food,185,Importar Cliente,Atrasada,Sat Dec 25 2021 11:26:56 GMT-0300 (GMT-03:00)
Food,401,Notificar TradeMaster,Atrasada,Sat Dec 25 2021 11:26:56 GMT-0300 (GMT-03:00)
Food,186,Integração Notificação Cliente,Atrasada,Sat Dec 25 2021 11:26:56 GMT-0300 (GMT-03:00)
Food,403,Estorna Limite TradeMaster,Atrasada,Sat Dec 25 2021 11:26:56 GMT-0300 (GMT-03:00)
Food,187,Integração Status de Cliente,Atrasada,Sat Dec 25 2021 11:26:56 GMT-0300 (GMT-03:00)
Food,213,Integração de Pedidos (Parceiro),Atrasada,Sat Dec 25 2021 11:26:56 GMT-0300 (GMT-03:00)
Food,190,Integração Pagamento,Atrasada,Sat Dec 25 2021 11:26:56 GMT-0300 (GMT-03:00)
Food,192,Integração de Tracking,Atrasada,Sat Dec 25 2021 11:26:56 GMT-0300 (GMT-03:00)
Food,198,Integração de Política de Preço,Atrasada,Sat Dec 25 2021 11:26:56 GMT-0300 (GMT-03:00)
Middleware,324,Estoque para loja,Atrasada,Sat Dec 25 2021 11:26:56 GMT-0300 (GMT-03:00)
Middleware,319,Limite de Credito,Atrasada,Sat Dec 25 2021 11:26:56 GMT-0300 (GMT-03:00)
Food,402,Atualizar Cliente TradeMaster,Atrasada,Sat Dec 25 2021 11:26:56 GMT-0300 (GMT-03:00)
Food,189,Integração de Pedidos (Distribuidor),Atrasada,Sat Dec 25 2021 11:26:56 GMT-0300 (GMT-03:00)
Food,203,Integração de Pedidos (iHub),Atrasada,Sat Dec 25 2021 11:26:56 GMT-0300 (GMT-03:00)
Middleware,320,Notificação Limite de Crédito,Atrasada,Sat Dec 25 2021 11:26:56 GMT-0300 (GMT-03:00)
Middleware,318,Limpar reservas de limite de crédito expiradas,Atrasada,Sat Dec 25 2021 11:26:56 GMT-0300 (GMT-03:00)
Middleware,321,Envia para status de aguardando endpoint fora do ar,Atrasada,Sat Dec 25 2021 11:26:56 GMT-0300 (GMT-03:00)
Middleware,323,Envia para status resposta inválida,Atrasada,Sat Dec 25 2021 11:26:56 GMT-0300 (GMT-03:00)
Middleware,182,Integração Estoque,Atrasada,Sat Dec 25 2021 11:26:56 GMT-0300 (GMT-03:00)
Middleware,318,Integração de Lojas,Atrasada,Sat Dec 25 2021 11:26:56 GMT-0300 (GMT-03:00)
Middleware,184,Integração Preço,Atrasada,Sat Dec 25 2021 11:26:56 GMT-0300 (GMT-03:00)
Middleware,183,Integração Limite de Crédito,Atrasada,Sat Dec 25 2021 11:26:56 GMT-0300 (GMT-03:00)
Middleware,186,Integração Notificação Cliente,Atrasada,Sat Dec 25 2021 11:26:56 GMT-0300 (GMT-03:00)
Middleware,187,Integração Status de Cliente,Atrasada,Sat Dec 25 2021 11:26:56 GMT-0300 (GMT-03:00)
Middleware,189,Integração de Pedidos (Distribuidor),Atrasada,Sat Dec 25 2021 11:26:56 GMT-0300 (GMT-03:00)
Middleware,192,Integração de Tracking,Atrasada,Sat Dec 25 2021 11:26:56 GMT-0300 (GMT-03:00)
Middleware,198,Integração de Política de Preço,Atrasada,Sat Dec 25 2021 11:26:56 GMT-0300 (GMT-03:00)
Climate,100,Importar Pedido,Atrasada,Sat Dec 25 2021 11:26:56 GMT-0300 (GMT-03:00)
Climate,101,Exportar Pedido,Atrasada,Sat Dec 25 2021 11:26:56 GMT-0300 (GMT-03:00)
Climate,102,Importar Pedido para Análise de Pagamento,Atrasada,Sat Dec 25 2021 11:26:56 GMT-0300 (GMT-03:00)
Climate,103,Enviar Pedido para Autorização,Atrasada,Sat Dec 25 2021 11:26:56 GMT-0300 (GMT-03:00)
Middleware,316,Limpar reservas de estoque expiradas,Atrasada,Sat Dec 25 2021 11:26:56 GMT-0300 (GMT-03:00)
Climate,104,Enviar Pedido para Análise de Risco,Atrasada,Sat Dec 25 2021 11:26:56 GMT-0300 (GMT-03:00)
Climate,173,Consultar Resultado da Análise de Risco Massivo,Atrasada,Sat Dec 25 2021 11:26:56 GMT-0300 (GMT-03:00)
Climate,174,Confirmar Resultado da Análise de Risco,Atrasada,Sat Dec 25 2021 11:26:56 GMT-0300 (GMT-03:00)
Climate,210,Importar Fretes,Atrasada,Sat Dec 25 2021 11:26:56 GMT-0300 (GMT-03:00)
Climate,106,Enviar Pedido para Captura,Atrasada,Sat Dec 25 2021 11:26:56 GMT-0300 (GMT-03:00)
Climate,107,Consultar Resultado da Análise de Pagamento,Atrasada,Sat Dec 25 2021 11:26:56 GMT-0300 (GMT-03:00)
Climate,108,Concluir a Análise de Pagamento do Pedido,Atrasada,Sat Dec 25 2021 11:26:56 GMT-0300 (GMT-03:00)
Climate,109,Enviar Status de Pagamento para a Análise de Risco,Atrasada,Sat Dec 25 2021 11:26:56 GMT-0300 (GMT-03:00)
Climate,168,Reprocessar Pedidos com Erro de Captura,Atrasada,Sat Dec 25 2021 11:26:56 GMT-0300 (GMT-03:00)
Climate,188,Importar Produtos,Atrasada,Sat Dec 25 2021 11:26:56 GMT-0300 (GMT-03:00)
Climate,189,Integração de Pedidos (Distribuidor),Atrasada,Sat Dec 25 2021 11:26:56 GMT-0300 (GMT-03:00)
Climate,190,Integração Pagamento,Atrasada,Sat Dec 25 2021 11:26:56 GMT-0300 (GMT-03:00)
Climate,192,Integração de Tracking,Atrasada,Sat Dec 25 2021 11:26:56 GMT-0300 (GMT-03:00)
Climate,182,Integração Estoque,Atrasada,Sat Dec 25 2021 11:26:56 GMT-0300 (GMT-03:00)
Climate,183,Integração Limite de Crédito,Atrasada,Sat Dec 25 2021 11:26:56 GMT-0300 (GMT-03:00)
Climate,184,Integração Preço,Atrasada,Sat Dec 25 2021 11:26:56 GMT-0300 (GMT-03:00)
Fabercastell,100,Importar Pedido,Atrasada,Sat Dec 25 2021 11:26:56 GMT-0300 (GMT-03:00)
Fabercastell,101,Exportar Pedido,Atrasada,Sat Dec 25 2021 11:26:56 GMT-0300 (GMT-03:00)
Fabercastell,102,Importar Pedido para Análise de Pagamento,Atrasada,Sat Dec 25 2021 11:26:56 GMT-0300 (GMT-03:00)
Fabercastell,104,Enviar Pedido para Análise de Risco,Atrasada,Sat Dec 25 2021 11:26:56 GMT-0300 (GMT-03:00)
Fabercastell,173,Consultar Resultado da Análise de Risco Massivo,Atrasada,Sat Dec 25 2021 11:26:56 GMT-0300 (GMT-03:00)
Fabercastell,174,Confirmar Resultado da Análise de Risco,Atrasada,Sat Dec 25 2021 11:26:56 GMT-0300 (GMT-03:00)
Fabercastell,206,Alimentar PedidosBI Hora,Atrasada,Sat Dec 25 2021 11:26:56 GMT-0300 (GMT-03:00)
Fabercastell,208,Envio automático de relatórios,Atrasada,Sat Dec 25 2021 11:26:56 GMT-0300 (GMT-03:00)
Fabercastell,106,Enviar Pedido para Captura,Atrasada,Sat Dec 25 2021 11:26:56 GMT-0300 (GMT-03:00)
Fabercastell,107,Consultar Resultado da Análise de Pagamento,Atrasada,Sat Dec 25 2021 11:26:56 GMT-0300 (GMT-03:00)
Fabercastell,108,Concluir a Análise de Pagamento do Pedido,Atrasada,Sat Dec 25 2021 11:26:56 GMT-0300 (GMT-03:00)
Fabercastell,109,Enviar Status de Pagamento para a Análise de Risco,Atrasada,Sat Dec 25 2021 11:26:56 GMT-0300 (GMT-03:00)
Fabercastell,103,Enviar Pedido para Autorização,Atrasada,Sat Dec 25 2021 11:26:56 GMT-0300 (GMT-03:00)
Fabercastell,168,Reprocessar Pedidos com Erro de Captura,Atrasada,Sat Dec 25 2021 11:26:56 GMT-0300 (GMT-03:00)
Fabercastell,188,Importar Produtos,Atrasada,Sat Dec 25 2021 11:26:56 GMT-0300 (GMT-03:00)
Fabercastell,193,Disparar Emails,Atrasada,Sat Dec 25 2021 11:26:56 GMT-0300 (GMT-03:00)
Fabercastell,182,Integração Estoque,Atrasada,Sat Dec 25 2021 11:26:56 GMT-0300 (GMT-03:00)
Fabercastell,184,Integração Preço,Atrasada,Sat Dec 25 2021 11:26:56 GMT-0300 (GMT-03:00)
Fabercastell,183,Integração Limite de Crédito,Atrasada,Sat Dec 25 2021 11:26:56 GMT-0300 (GMT-03:00)
Fabercastell,185,Importar Cliente,Atrasada,Sat Dec 25 2021 11:26:56 GMT-0300 (GMT-03:00)
Fabercastell,186,Integração Notificação Cliente,Atrasada,Sat Dec 25 2021 11:26:56 GMT-0300 (GMT-03:00)
Fabercastell,187,Integração Status de Cliente,Atrasada,Sat Dec 25 2021 11:26:56 GMT-0300 (GMT-03:00)
Fabercastell,189,Integração de Pedidos (Distribuidor),Atrasada,Sat Dec 25 2021 11:26:56 GMT-0300 (GMT-03:00)
Fabercastell,190,Integração Pagamento,Atrasada,Sat Dec 25 2021 11:26:56 GMT-0300 (GMT-03:00)
Fabercastell,192,Integração de Tracking,Atrasada,Sat Dec 25 2021 11:26:56 GMT-0300 (GMT-03:00)
Fabercastell,198,Integração de Política de Preço,Atrasada,Sat Dec 25 2021 11:26:56 GMT-0300 (GMT-03:00)
Hersheys,100,Importar Pedido,Atrasada,Sat Dec 25 2021 11:26:56 GMT-0300 (GMT-03:00)
Hersheys,101,Exportar Pedido,Atrasada,Sat Dec 25 2021 11:26:56 GMT-0300 (GMT-03:00)
Hersheys,102,Importar Pedido para Análise de Pagamento,Atrasada,Sat Dec 25 2021 11:26:56 GMT-0300 (GMT-03:00)
Hersheys,103,Enviar Pedido para Autorização,Atrasada,Sat Dec 25 2021 11:26:56 GMT-0300 (GMT-03:00)
Hersheys,104,Enviar Pedido para Análise de Risco,Atrasada,Sat Dec 25 2021 11:26:56 GMT-0300 (GMT-03:00)
Hersheys,173,Consultar Resultado da Análise de Risco Massivo,Atrasada,Sat Dec 25 2021 11:26:56 GMT-0300 (GMT-03:00)
Hersheys,174,Confirmar Resultado da Análise de Risco,Atrasada,Sat Dec 25 2021 11:26:56 GMT-0300 (GMT-03:00)
Hersheys,206,Alimentar PedidosBI Hora,Atrasada,Sat Dec 25 2021 11:26:56 GMT-0300 (GMT-03:00)
Hersheys,208,Envio automático de relatórios,Atrasada,Sat Dec 25 2021 11:26:56 GMT-0300 (GMT-03:00)
Hersheys,106,Enviar Pedido para Captura,Atrasada,Sat Dec 25 2021 11:26:56 GMT-0300 (GMT-03:00)
Hersheys,107,Consultar Resultado da Análise de Pagamento,Atrasada,Sat Dec 25 2021 11:26:56 GMT-0300 (GMT-03:00)
Hersheys,108,Concluir a Análise de Pagamento do Pedido,Atrasada,Sat Dec 25 2021 11:26:56 GMT-0300 (GMT-03:00)
Hersheys,109,Enviar Status de Pagamento para a Análise de Risco,Atrasada,Sat Dec 25 2021 11:26:56 GMT-0300 (GMT-03:00)
Hersheys,168,Reprocessar Pedidos com Erro de Captura,Atrasada,Sat Dec 25 2021 11:26:56 GMT-0300 (GMT-03:00)
Hersheys,188,Importar Produtos,Atrasada,Sat Dec 25 2021 11:26:56 GMT-0300 (GMT-03:00)
Hersheys,193,Disparar Emails,Atrasada,Sat Dec 25 2021 11:26:56 GMT-0300 (GMT-03:00)
Hersheys,182,Integração Estoque,Atrasada,Sat Dec 25 2021 11:26:56 GMT-0300 (GMT-03:00)
Hersheys,184,Integração Preço,Atrasada,Sat Dec 25 2021 11:26:56 GMT-0300 (GMT-03:00)
Hersheys,185,Importar Cliente,Atrasada,Sat Dec 25 2021 11:26:56 GMT-0300 (GMT-03:00)
Hersheys,183,Integração Limite de Crédito,Atrasada,Sat Dec 25 2021 11:26:56 GMT-0300 (GMT-03:00)
Hersheys,190,Integração Pagamento,Atrasada,Sat Dec 25 2021 11:26:56 GMT-0300 (GMT-03:00)
Hersheys,187,Integração Status de Cliente,Atrasada,Sat Dec 25 2021 11:26:56 GMT-0300 (GMT-03:00)
Hersheys,189,Integração de Pedidos (Distribuidor),Atrasada,Sat Dec 25 2021 11:26:56 GMT-0300 (GMT-03:00)
Hersheys,186,Integração Notificação Cliente,Atrasada,Sat Dec 25 2021 11:26:56 GMT-0300 (GMT-03:00)
Hersheys,203,Integração de Pedidos (iHub),Atrasada,Sat Dec 25 2021 11:26:56 GMT-0300 (GMT-03:00)
Hersheys,192,Integração de Tracking,Atrasada,Sat Dec 25 2021 11:26:56 GMT-0300 (GMT-03:00)
Hersheys,198,Integração de Política de Preço,Atrasada,Sat Dec 25 2021 11:26:56 GMT-0300 (GMT-03:00)
Mondelez,100,Importar Pedido,Atrasada,Sat Dec 25 2021 11:26:56 GMT-0300 (GMT-03:00)
Mondelez,101,Exportar Pedido,Atrasada,Sat Dec 25 2021 11:26:56 GMT-0300 (GMT-03:00)
Mondelez,102,Importar Pedido para Análise de Pagamento,Atrasada,Sat Dec 25 2021 11:26:56 GMT-0300 (GMT-03:00)
Mondelez,103,Enviar Pedido para Autorização,Atrasada,Sat Dec 25 2021 11:26:56 GMT-0300 (GMT-03:00)
Mondelez,104,Enviar Pedido para Análise de Risco,Atrasada,Sat Dec 25 2021 11:26:56 GMT-0300 (GMT-03:00)
Mondelez,173,Consultar Resultado da Análise de Risco Massivo,Atrasada,Sat Dec 25 2021 11:26:56 GMT-0300 (GMT-03:00)
Mondelez,174,Confirmar Resultado da Análise de Risco,Atrasada,Sat Dec 25 2021 11:26:56 GMT-0300 (GMT-03:00)
Mondelez,204,Enviar carrinhos abandonados para o parceiro MarketingTech,Atrasada,Sat Dec 25 2021 11:26:56 GMT-0300 (GMT-03:00)
Mondelez,208,Envio automático de relatórios,Atrasada,Sat Dec 25 2021 11:26:56 GMT-0300 (GMT-03:00)
Mondelez,209,Importar Fretes,Atrasada,Sat Dec 25 2021 11:26:56 GMT-0300 (GMT-03:00)
Mondelez,106,Enviar Pedido para Captura,Atrasada,Sat Dec 25 2021 11:26:56 GMT-0300 (GMT-03:00)
Mondelez,107,Consultar Resultado da Análise de Pagamento,Atrasada,Sat Dec 25 2021 11:26:56 GMT-0300 (GMT-03:00)
Mondelez,108,Concluir a Análise de Pagamento do Pedido,Atrasada,Sat Dec 25 2021 11:26:56 GMT-0300 (GMT-03:00)
Mondelez,109,Enviar Status de Pagamento para a Análise de Risco,Atrasada,Sat Dec 25 2021 11:26:56 GMT-0300 (GMT-03:00)
Mondelez,133,Realizar Baixa de Boletos,Atrasada,Sat Dec 25 2021 11:26:56 GMT-0300 (GMT-03:00)
Mondelez,168,Reprocessar Pedidos com Erro de Captura,Atrasada,Sat Dec 25 2021 11:26:56 GMT-0300 (GMT-03:00)
Mondelez,188,Importar Produtos,Atrasada,Sat Dec 25 2021 11:26:56 GMT-0300 (GMT-03:00)
Mondelez,220,Enfileirar e Reenfileirar EMail de Filial Pendente,Atrasada,Sat Dec 25 2021 11:26:56 GMT-0300 (GMT-03:00)
Mondelez,193,Disparar Emails,Atrasada,Sat Dec 25 2021 11:26:56 GMT-0300 (GMT-03:00)
Mondelez,182,Integração Estoque,Atrasada,Sat Dec 25 2021 11:26:56 GMT-0300 (GMT-03:00)
Mondelez,184,Integração Preço,Atrasada,Sat Dec 25 2021 11:26:56 GMT-0300 (GMT-03:00)
Mondelez,186,Integração Notificação Cliente,Atrasada,Sat Dec 25 2021 11:26:56 GMT-0300 (GMT-03:00)
Mondelez,187,Integração Status de Cliente,Atrasada,Sat Dec 25 2021 11:26:56 GMT-0300 (GMT-03:00)
Mondelez,189,Integração de Pedidos,Atrasada,Sat Dec 25 2021 11:26:56 GMT-0300 (GMT-03:00)
Mondelez,185,Importar Cliente,Atrasada,Sat Dec 25 2021 11:26:56 GMT-0300 (GMT-03:00)
Mondelez,183,Integração Limite de Crédito,Atrasada,Sat Dec 25 2021 11:26:56 GMT-0300 (GMT-03:00)
Mondelez,190,Integração Pagamento,Atrasada,Sat Dec 25 2021 11:26:56 GMT-0300 (GMT-03:00)
Mondelez,203,Integração de Pedidos (iHub),Atrasada,Sat Dec 25 2021 11:26:56 GMT-0300 (GMT-03:00)
Mondelez,213,Integração de Pedidos (Parceiro),Atrasada,Sat Dec 25 2021 11:26:56 GMT-0300 (GMT-03:00)
Mondelez,192,Integração de Tracking,Atrasada,Sat Dec 25 2021 11:26:56 GMT-0300 (GMT-03:00)
Mondelez,198,Integração de Política de Preço,Atrasada,Sat Dec 25 2021 11:26:56 GMT-0300 (GMT-03:00)
Mondelez,194,Integrações B2B,Atrasada,Sat Dec 25 2021 11:26:56 GMT-0300 (GMT-03:00)
Vila Nova,100,Importar Pedido,Atrasada,Sat Dec 25 2021 11:26:56 GMT-0300 (GMT-03:00)
Vila Nova,101,Exportar Pedido,Atrasada,Sat Dec 25 2021 11:26:56 GMT-0300 (GMT-03:00)
Vila Nova,102,Importar Pedido para Análise de Pagamento,Atrasada,Sat Dec 25 2021 11:26:56 GMT-0300 (GMT-03:00)
Vila Nova,103,Enviar Pedido para Autorização,Atrasada,Sat Dec 25 2021 11:26:56 GMT-0300 (GMT-03:00)
Vila Nova,104,Enviar Pedido para Análise de Risco,Atrasada,Sat Dec 25 2021 11:26:56 GMT-0300 (GMT-03:00)
Vila Nova,173,Consultar Resultado da Análise de Risco Massivo,Atrasada,Sat Dec 25 2021 11:26:56 GMT-0300 (GMT-03:00)
Vila Nova,208,Envio automático de relatórios,Atrasada,Sat Dec 25 2021 11:26:56 GMT-0300 (GMT-03:00)
Vila Nova,174,Confirmar Resultado da Análise de Risco,Atrasada,Sat Dec 25 2021 11:26:56 GMT-0300 (GMT-03:00)
Vila Nova,209,Importar Fretes,Atrasada,Sat Dec 25 2021 11:26:56 GMT-0300 (GMT-03:00)
Vila Nova,106,Enviar Pedido para Captura,Atrasada,Sat Dec 25 2021 11:26:56 GMT-0300 (GMT-03:00)
Vila Nova,107,Consultar Resultado da Análise de Pagamento,Atrasada,Sat Dec 25 2021 11:26:56 GMT-0300 (GMT-03:00)
Vila Nova,304,Integração Notificação Neurotech,Atrasada,Sat Dec 25 2021 11:26:56 GMT-0300 (GMT-03:00)
Vila Nova,108,Concluir a Análise de Pagamento do Pedido,Atrasada,Sat Dec 25 2021 11:26:56 GMT-0300 (GMT-03:00)
Vila Nova,109,Enviar Status de Pagamento para a Análise de Risco,Atrasada,Sat Dec 25 2021 11:26:56 GMT-0300 (GMT-03:00)
Vila Nova,133,Realizar Baixa de Boletos,Atrasada,Sat Dec 25 2021 11:26:56 GMT-0300 (GMT-03:00)
Vila Nova,168,Reprocessar Pedidos com Erro de Captura,Atrasada,Sat Dec 25 2021 11:26:56 GMT-0300 (GMT-03:00)
Vila Nova,188,Importar Produtos,Atrasada,Sat Dec 25 2021 11:26:56 GMT-0300 (GMT-03:00)
Vila Nova,307,Importar Planilha de Promoções,Atrasada,Sat Dec 25 2021 11:26:56 GMT-0300 (GMT-03:00)
Vila Nova,184,Integração Preço,Atrasada,Sat Dec 25 2021 11:26:56 GMT-0300 (GMT-03:00)
Vila Nova,193,Disparar Emails,Atrasada,Sat Dec 25 2021 11:26:56 GMT-0300 (GMT-03:00)
Vila Nova,186,Integração Notificação Cliente,Atrasada,Sat Dec 25 2021 11:26:56 GMT-0300 (GMT-03:00)
Vila Nova,187,Integração Status de Cliente,Atrasada,Sat Dec 25 2021 11:26:56 GMT-0300 (GMT-03:00)
Vila Nova,305,Integração Status Neurotech,Atrasada,Sat Dec 25 2021 11:26:56 GMT-0300 (GMT-03:00)
Vila Nova,306,Integração Importação Neurotech,Atrasada,Sat Dec 25 2021 11:26:56 GMT-0300 (GMT-03:00)
Vila Nova,182,Integração Estoque,Atrasada,Sat Dec 25 2021 11:26:56 GMT-0300 (GMT-03:00)
Vila Nova,189,Integração de Pedidos,Atrasada,Sat Dec 25 2021 11:26:56 GMT-0300 (GMT-03:00)
Vila Nova,185,Importar Cliente,Atrasada,Sat Dec 25 2021 11:26:56 GMT-0300 (GMT-03:00)
Vila Nova,183,Integração Limite de Crédito,Atrasada,Sat Dec 25 2021 11:26:56 GMT-0300 (GMT-03:00)
Vila Nova,190,Integração Pagamento,Atrasada,Sat Dec 25 2021 11:26:56 GMT-0300 (GMT-03:00)
Vila Nova,213,Integração de Pedidos (Parceiro),Atrasada,Sat Dec 25 2021 11:26:56 GMT-0300 (GMT-03:00)
Vila Nova,192,Integração de Tracking,Atrasada,Sat Dec 25 2021 11:26:56 GMT-0300 (GMT-03:00)
Vila Nova,198,Integração de Política de Preço,Atrasada,Sat Dec 25 2021 11:26:56 GMT-0300 (GMT-03:00)
Loja Perfeita,100,Importar Pedido,Atrasada,Sat Dec 25 2021 11:26:56 GMT-0300 (GMT-03:00)
Vila Nova,203,Integração de Pedidos (iHub),Atrasada,Sat Dec 25 2021 11:26:56 GMT-0300 (GMT-03:00)
Vila Nova,194,Integrações B2B,Atrasada,Sat Dec 25 2021 11:26:56 GMT-0300 (GMT-03:00)
Loja Perfeita,101,Exportar Pedido,Atrasada,Sat Dec 25 2021 11:26:56 GMT-0300 (GMT-03:00)
Loja Perfeita,102,Importar Pedido para Análise de Pagamento,Atrasada,Sat Dec 25 2021 11:26:56 GMT-0300 (GMT-03:00)
Loja Perfeita,103,Enviar Pedido para Autorização,Atrasada,Sat Dec 25 2021 11:26:56 GMT-0300 (GMT-03:00)
Loja Perfeita,104,Enviar Pedido para Análise de Risco,Atrasada,Sat Dec 25 2021 11:26:56 GMT-0300 (GMT-03:00)
Loja Perfeita,173,Consultar Resultado da Análise de Risco Massivo,Atrasada,Sat Dec 25 2021 11:26:56 GMT-0300 (GMT-03:00)
Loja Perfeita,174,Confirmar Resultado da Análise de Risco,Atrasada,Sat Dec 25 2021 11:26:56 GMT-0300 (GMT-03:00)
Loja Perfeita,204,Enviar carrinhos abandonados para o parceiro MarketingTech,Atrasada,Sat Dec 25 2021 11:26:56 GMT-0300 (GMT-03:00)
Loja Perfeita,208,Envio automático de relatórios,Atrasada,Sat Dec 25 2021 11:26:56 GMT-0300 (GMT-03:00)
Loja Perfeita,209,Importar Fretes,Atrasada,Sat Dec 25 2021 11:26:56 GMT-0300 (GMT-03:00)
Loja Perfeita,106,Enviar Pedido para Captura,Atrasada,Sat Dec 25 2021 11:26:56 GMT-0300 (GMT-03:00)
Loja Perfeita,107,Consultar Resultado da Análise de Pagamento,Atrasada,Sat Dec 25 2021 11:26:56 GMT-0300 (GMT-03:00)
Loja Perfeita,108,Concluir a Análise de Pagamento do Pedido,Atrasada,Sat Dec 25 2021 11:26:56 GMT-0300 (GMT-03:00)
Loja Perfeita,109,Enviar Status de Pagamento para a Análise de Risco,Atrasada,Sat Dec 25 2021 11:26:56 GMT-0300 (GMT-03:00)
Loja Perfeita,133,Realizar Baixa de Boletos,Atrasada,Sat Dec 25 2021 11:26:56 GMT-0300 (GMT-03:00)
Loja Perfeita,168,Reprocessar Pedidos com Erro de Captura,Atrasada,Sat Dec 25 2021 11:26:56 GMT-0300 (GMT-03:00)
Loja Perfeita,188,Importar Produtos,Atrasada,Sat Dec 25 2021 11:26:56 GMT-0300 (GMT-03:00)
Loja Perfeita,193,Disparar Emails,Atrasada,Sat Dec 25 2021 11:26:56 GMT-0300 (GMT-03:00)
Loja Perfeita,182,Integração Estoque,Atrasada,Sat Dec 25 2021 11:26:56 GMT-0300 (GMT-03:00)
Loja Perfeita,184,Integração Preço,Atrasada,Sat Dec 25 2021 11:26:56 GMT-0300 (GMT-03:00)
Loja Perfeita,183,Integração Limite de Crédito,Atrasada,Sat Dec 25 2021 11:26:56 GMT-0300 (GMT-03:00)
Loja Perfeita,185,Importar Cliente,Atrasada,Sat Dec 25 2021 11:26:56 GMT-0300 (GMT-03:00)
Loja Perfeita,186,Integração Notificação Cliente,Atrasada,Sat Dec 25 2021 11:26:56 GMT-0300 (GMT-03:00)
Loja Perfeita,187,Integração Status de Cliente,Atrasada,Sat Dec 25 2021 11:26:56 GMT-0300 (GMT-03:00)
Loja Perfeita,189,Integração de Pedidos (Distribuidor),Atrasada,Sat Dec 25 2021 11:26:56 GMT-0300 (GMT-03:00)
Loja Perfeita,203,Integração de Pedidos (iHub),Atrasada,Sat Dec 25 2021 11:26:56 GMT-0300 (GMT-03:00)
Loja Perfeita,213,Integração de Pedidos (Parceiro),Atrasada,Sat Dec 25 2021 11:26:56 GMT-0300 (GMT-03:00)
Loja Perfeita,190,Integração Pagamento,Atrasada,Sat Dec 25 2021 11:26:56 GMT-0300 (GMT-03:00)
Loja Perfeita,192,Integração de Tracking,Atrasada,Sat Dec 25 2021 11:26:56 GMT-0300 (GMT-03:00)
Loja Perfeita,198,Integração de Política de Preço,Atrasada,Sat Dec 25 2021 11:26:56 GMT-0300 (GMT-03:00)
Loja Perfeita,194,Integrações B2B,Atrasada,Sat Dec 25 2021 11:26:56 GMT-0300 (GMT-03:00)
Omron,100,Importar Pedido,Atrasada,Sat Dec 25 2021 11:26:56 GMT-0300 (GMT-03:00)
Omron,101,Exportar Pedido,Atrasada,Sat Dec 25 2021 11:26:56 GMT-0300 (GMT-03:00)
Omron,102,Importar Pedido para Análise de Pagamento,Atrasada,Sat Dec 25 2021 11:26:56 GMT-0300 (GMT-03:00)
Omron,103,Enviar Pedido para Autorização,Atrasada,Sat Dec 25 2021 11:26:56 GMT-0300 (GMT-03:00)
Omron,104,Enviar Pedido para Análise de Risco,Atrasada,Sat Dec 25 2021 11:26:56 GMT-0300 (GMT-03:00)
Omron,173,Consultar Resultado da Análise de Risco Massivo,Atrasada,Sat Dec 25 2021 11:26:56 GMT-0300 (GMT-03:00)
Omron,174,Confirmar Resultado da Análise de Risco,Atrasada,Sat Dec 25 2021 11:26:56 GMT-0300 (GMT-03:00)
Omron,204,Enviar carrinhos abandonados para o parceiro MarketingTech,Atrasada,Sat Dec 25 2021 11:26:56 GMT-0300 (GMT-03:00)
Omron,206,Alimentar PedidosBI Hora,Atrasada,Sat Dec 25 2021 11:26:56 GMT-0300 (GMT-03:00)
Omron,208,Envio automático de relatórios,Atrasada,Sat Dec 25 2021 11:26:56 GMT-0300 (GMT-03:00)
Omron,209,Importar Fretes,Atrasada,Sat Dec 25 2021 11:26:56 GMT-0300 (GMT-03:00)
Omron,106,Enviar Pedido para Captura,Atrasada,Sat Dec 25 2021 11:26:56 GMT-0300 (GMT-03:00)
Omron,107,Consultar Resultado da Análise de Pagamento,Atrasada,Sat Dec 25 2021 11:26:56 GMT-0300 (GMT-03:00)
Omron,108,Concluir a Análise de Pagamento do Pedido,Atrasada,Sat Dec 25 2021 11:26:56 GMT-0300 (GMT-03:00)
Omron,109,Enviar Status de Pagamento para a Análise de Risco,Atrasada,Sat Dec 25 2021 11:26:56 GMT-0300 (GMT-03:00)
Omron,133,Realizar Baixa de Boletos,Atrasada,Sat Dec 25 2021 11:26:56 GMT-0300 (GMT-03:00)
Omron,168,Reprocessar Pedidos com Erro de Captura,Atrasada,Sat Dec 25 2021 11:26:56 GMT-0300 (GMT-03:00)
Omron,188,Importar Produtos,Atrasada,Sat Dec 25 2021 11:26:56 GMT-0300 (GMT-03:00)
Omron,193,Disparar Emails,Atrasada,Sat Dec 25 2021 11:26:56 GMT-0300 (GMT-03:00)
Omron,305,Integração Status Neurotech,Atrasada,Sat Dec 25 2021 11:26:56 GMT-0300 (GMT-03:00)
Omron,306,Integração Importação Neurotech,Atrasada,Sat Dec 25 2021 11:26:56 GMT-0300 (GMT-03:00)
Omron,182,Integração Estoque,Atrasada,Sat Dec 25 2021 11:26:56 GMT-0300 (GMT-03:00)
Omron,219,Consultar Confirmação Pagamento BS2,Atrasada,Sat Dec 25 2021 11:26:56 GMT-0300 (GMT-03:00)
Omron,184,Integração Preço,Atrasada,Sat Dec 25 2021 11:26:56 GMT-0300 (GMT-03:00)
Omron,183,Integração Limite de Crédito,Atrasada,Sat Dec 25 2021 11:26:56 GMT-0300 (GMT-03:00)
Omron,185,Importar Cliente,Atrasada,Sat Dec 25 2021 11:26:56 GMT-0300 (GMT-03:00)
Omron,304,Integração Notificação Neurotech,Atrasada,Sat Dec 25 2021 11:26:56 GMT-0300 (GMT-03:00)
Omron,186,Integração Notificação Cliente,Atrasada,Sat Dec 25 2021 11:26:56 GMT-0300 (GMT-03:00)
Omron,187,Integração Status de Cliente,Atrasada,Sat Dec 25 2021 11:26:56 GMT-0300 (GMT-03:00)
Omron,189,Integração de Pedidos (Distribuidor),Atrasada,Sat Dec 25 2021 11:26:56 GMT-0300 (GMT-03:00)
Omron,203,Integração de Pedidos (iHub),Atrasada,Sat Dec 25 2021 11:26:56 GMT-0300 (GMT-03:00)
Omron,213,Integração de Pedidos (Parceiro),Atrasada,Sat Dec 25 2021 11:26:56 GMT-0300 (GMT-03:00)
Omron,190,Integração Pagamento,Atrasada,Sat Dec 25 2021 11:26:56 GMT-0300 (GMT-03:00)
Omron,192,Integração de Tracking,Atrasada,Sat Dec 25 2021 11:26:56 GMT-0300 (GMT-03:00)
Omron,198,Integração de Política de Preço,Atrasada,Sat Dec 25 2021 11:26:56 GMT-0300 (GMT-03:00)
Cuidado todos os dias,100,Importar Pedido,Atrasada,Sat Dec 25 2021 11:26:56 GMT-0300 (GMT-03:00)
Cuidado todos os dias,101,Exportar Pedido,Atrasada,Sat Dec 25 2021 11:26:56 GMT-0300 (GMT-03:00)
Cuidado todos os dias,102,Importar Pedido para Análise de Pagamento,Atrasada,Sat Dec 25 2021 11:26:56 GMT-0300 (GMT-03:00)
Cuidado todos os dias,103,Enviar Pedido para Autorização,Atrasada,Sat Dec 25 2021 11:26:56 GMT-0300 (GMT-03:00)
Cuidado todos os dias,104,Enviar Pedido para Análise de Risco,Atrasada,Sat Dec 25 2021 11:26:56 GMT-0300 (GMT-03:00)
Cuidado todos os dias,173,Consultar Resultado da Análise de Risco Massivo,Atrasada,Sat Dec 25 2021 11:26:56 GMT-0300 (GMT-03:00)
Cuidado todos os dias,174,Confirmar Resultado da Análise de Risco,Atrasada,Sat Dec 25 2021 11:26:56 GMT-0300 (GMT-03:00)
Cuidado todos os dias,208,Envio automático de relatórios,Atrasada,Sat Dec 25 2021 11:26:56 GMT-0300 (GMT-03:00)
Cuidado todos os dias,209,Importar Fretes,Atrasada,Sat Dec 25 2021 11:26:56 GMT-0300 (GMT-03:00)
Cuidado todos os dias,106,Enviar Pedido para Captura,Atrasada,Sat Dec 25 2021 11:26:56 GMT-0300 (GMT-03:00)
Cuidado todos os dias,107,Consultar Resultado da Análise de Pagamento,Atrasada,Sat Dec 25 2021 11:26:56 GMT-0300 (GMT-03:00)
Cuidado todos os dias,108,Concluir a Análise de Pagamento do Pedido,Atrasada,Sat Dec 25 2021 11:26:56 GMT-0300 (GMT-03:00)
Cuidado todos os dias,109,Enviar Status de Pagamento para a Análise de Risco,Atrasada,Sat Dec 25 2021 11:26:56 GMT-0300 (GMT-03:00)
Cuidado todos os dias,133,Realizar Baixa de Boletos,Atrasada,Sat Dec 25 2021 11:26:56 GMT-0300 (GMT-03:00)
Cuidado todos os dias,168,Reprocessar Pedidos com Erro de Captura,Atrasada,Sat Dec 25 2021 11:26:56 GMT-0300 (GMT-03:00)
Cuidado todos os dias,188,Importar Produtos,Atrasada,Sat Dec 25 2021 11:26:56 GMT-0300 (GMT-03:00)
Cuidado todos os dias,219,Importar Planilha de Promoções,Atrasada,Sat Dec 25 2021 11:26:56 GMT-0300 (GMT-03:00)
Cuidado todos os dias,193,Disparar Emails,Atrasada,Sat Dec 25 2021 11:26:56 GMT-0300 (GMT-03:00)
Cuidado todos os dias,182,Integração Estoque,Atrasada,Sat Dec 25 2021 11:26:56 GMT-0300 (GMT-03:00)
Cuidado todos os dias,184,Integração Preço,Atrasada,Sat Dec 25 2021 11:26:56 GMT-0300 (GMT-03:00)
Cuidado todos os dias,183,Integração Limite de Crédito,Atrasada,Sat Dec 25 2021 11:26:56 GMT-0300 (GMT-03:00)
Cuidado todos os dias,185,Importar Cliente,Atrasada,Sat Dec 25 2021 11:26:56 GMT-0300 (GMT-03:00)
Cuidado todos os dias,186,Integração Notificação Cliente,Atrasada,Sat Dec 25 2021 11:26:56 GMT-0300 (GMT-03:00)
Cuidado todos os dias,187,Integração Status de Cliente,Atrasada,Sat Dec 25 2021 11:26:56 GMT-0300 (GMT-03:00)
Cuidado todos os dias,189,Integração de Pedidos (Distribuidor),Atrasada,Sat Dec 25 2021 11:26:56 GMT-0300 (GMT-03:00)
Cuidado todos os dias,203,Integração de Pedidos (iHub),Atrasada,Sat Dec 25 2021 11:26:56 GMT-0300 (GMT-03:00)
Cuidado todos os dias,213,Integração de Pedidos (Parceiro),Atrasada,Sat Dec 25 2021 11:26:56 GMT-0300 (GMT-03:00)
Cuidado todos os dias,190,Integração Pagamento,Atrasada,Sat Dec 25 2021 11:26:56 GMT-0300 (GMT-03:00)
Cuidado todos os dias,192,Integração de Tracking,Atrasada,Sat Dec 25 2021 11:26:56 GMT-0300 (GMT-03:00)
Cuidado todos os dias,198,Integração de Política de Preço,Atrasada,Sat Dec 25 2021 11:26:56 GMT-0300 (GMT-03:00)
Josapar,101,Exportar Pedido,Atrasada,Sat Dec 25 2021 11:26:56 GMT-0300 (GMT-03:00)
Josapar,104,Enviar Pedido para Análise de Risco,Atrasada,Sat Dec 25 2021 11:26:56 GMT-0300 (GMT-03:00)
Josapar,173,Consultar Resultado da Análise de Risco Massivo,Atrasada,Sat Dec 25 2021 11:26:56 GMT-0300 (GMT-03:00)
Cuidado todos os dias,194,Integrações B2B,Atrasada,Sat Dec 25 2021 11:26:56 GMT-0300 (GMT-03:00)
Josapar,100,Importar Pedido,Atrasada,Sat Dec 25 2021 11:26:56 GMT-0300 (GMT-03:00)
Josapar,208,Envio automático de relatórios,Atrasada,Sat Dec 25 2021 11:26:56 GMT-0300 (GMT-03:00)
Josapar,102,Importar Pedido para Análise de Pagamento,Atrasada,Sat Dec 25 2021 11:26:56 GMT-0300 (GMT-03:00)
Josapar,103,Enviar Pedido para Autorização,Atrasada,Sat Dec 25 2021 11:26:56 GMT-0300 (GMT-03:00)
Josapar,174,Confirmar Resultado da Análise de Risco,Atrasada,Sat Dec 25 2021 11:26:56 GMT-0300 (GMT-03:00)
Josapar,209,Importar Fretes,Atrasada,Sat Dec 25 2021 11:26:56 GMT-0300 (GMT-03:00)
Josapar,106,Enviar Pedido para Captura,Atrasada,Sat Dec 25 2021 11:26:56 GMT-0300 (GMT-03:00)
Josapar,107,Consultar Resultado da Análise de Pagamento,Atrasada,Sat Dec 25 2021 11:26:56 GMT-0300 (GMT-03:00)
Josapar,108,Concluir a Análise de Pagamento do Pedido,Atrasada,Sat Dec 25 2021 11:26:56 GMT-0300 (GMT-03:00)
Josapar,109,Enviar Status de Pagamento para a Análise de Risco,Atrasada,Sat Dec 25 2021 11:26:56 GMT-0300 (GMT-03:00)
Josapar,133,Realizar Baixa de Boletos,Atrasada,Sat Dec 25 2021 11:26:56 GMT-0300 (GMT-03:00)
Josapar,168,Reprocessar Pedidos com Erro de Captura,Atrasada,Sat Dec 25 2021 11:26:56 GMT-0300 (GMT-03:00)
Josapar,188,Importar Produtos,Atrasada,Sat Dec 25 2021 11:26:56 GMT-0300 (GMT-03:00)
Josapar,193,Disparar Emails,Atrasada,Sat Dec 25 2021 11:26:56 GMT-0300 (GMT-03:00)
Josapar,304,Integração Notificação Neurotech,Atrasada,Sat Dec 25 2021 11:26:56 GMT-0300 (GMT-03:00)
Josapar,305,Integração Status Neurotech,Atrasada,Sat Dec 25 2021 11:26:56 GMT-0300 (GMT-03:00)
Josapar,306,Integração Importação Neurotech,Atrasada,Sat Dec 25 2021 11:26:56 GMT-0300 (GMT-03:00)
Josapar,182,Integração Estoque,Atrasada,Sat Dec 25 2021 11:26:56 GMT-0300 (GMT-03:00)
Josapar,184,Integração Preço,Atrasada,Sat Dec 25 2021 11:26:56 GMT-0300 (GMT-03:00)
Josapar,183,Integração Limite de Crédito,Atrasada,Sat Dec 25 2021 11:26:56 GMT-0300 (GMT-03:00)
Josapar,185,Importar Cliente,Atrasada,Sat Dec 25 2021 11:26:56 GMT-0300 (GMT-03:00)
Josapar,186,Integração Notificação Cliente,Atrasada,Sat Dec 25 2021 11:26:56 GMT-0300 (GMT-03:00)
Josapar,189,Integração de Pedidos (Distribuidor),Atrasada,Sat Dec 25 2021 11:26:56 GMT-0300 (GMT-03:00)
Josapar,203,Integração de Pedidos (iHub),Atrasada,Sat Dec 25 2021 11:26:56 GMT-0300 (GMT-03:00)
Josapar,213,Integração de Pedidos (Parceiro),Atrasada,Sat Dec 25 2021 11:26:56 GMT-0300 (GMT-03:00)
Josapar,190,Integração Pagamento,Atrasada,Sat Dec 25 2021 11:26:56 GMT-0300 (GMT-03:00)
Josapar,192,Integração de Tracking,Atrasada,Sat Dec 25 2021 11:26:56 GMT-0300 (GMT-03:00)
Josapar,198,Integração de Política de Preço,Atrasada,Sat Dec 25 2021 11:26:56 GMT-0300 (GMT-03:00)
Josapar,194,Integrações B2B,Atrasada,Sat Dec 25 2021 11:26:56 GMT-0300 (GMT-03:00)
Josapar,187,Integração Status de Cliente,Atrasada,Sat Dec 25 2021 11:26:56 GMT-0300 (GMT-03:00)
Coty - Loja do Varejo,102,Importar Pedido para Análise de Pagamento,Atrasada,Sat Dec 25 2021 11:26:56 GMT-0300 (GMT-03:00)
Coty - Loja do Varejo,104,Enviar Pedido para Análise de Risco,Atrasada,Sat Dec 25 2021 11:26:56 GMT-0300 (GMT-03:00)
Coty - Loja do Varejo,103,Enviar Pedido para Autorização,Atrasada,Sat Dec 25 2021 11:26:56 GMT-0300 (GMT-03:00)
Coty - Loja do Varejo,100,Importar Pedido,Atrasada,Sat Dec 25 2021 11:26:56 GMT-0300 (GMT-03:00)
Coty - Loja do Varejo,101,Exportar Pedido,Atrasada,Sat Dec 25 2021 11:26:56 GMT-0300 (GMT-03:00)
Coty - Loja do Varejo,174,Confirmar Resultado da Análise de Risco,Atrasada,Sat Dec 25 2021 11:26:56 GMT-0300 (GMT-03:00)
Coty - Loja do Varejo,208,Envio automático de relatórios,Atrasada,Sat Dec 25 2021 11:26:56 GMT-0300 (GMT-03:00)
Coty - Loja do Varejo,209,Importar Fretes,Atrasada,Sat Dec 25 2021 11:26:56 GMT-0300 (GMT-03:00)
Coty - Loja do Varejo,106,Enviar Pedido para Captura,Atrasada,Sat Dec 25 2021 11:26:56 GMT-0300 (GMT-03:00)
Coty - Loja do Varejo,107,Consultar Resultado da Análise de Pagamento,Atrasada,Sat Dec 25 2021 11:26:56 GMT-0300 (GMT-03:00)
Coty - Loja do Varejo,108,Concluir a Análise de Pagamento do Pedido,Atrasada,Sat Dec 25 2021 11:26:56 GMT-0300 (GMT-03:00)
Coty - Loja do Varejo,109,Enviar Status de Pagamento para a Análise de Risco,Atrasada,Sat Dec 25 2021 11:26:56 GMT-0300 (GMT-03:00)
Coty - Loja do Varejo,133,Realizar Baixa de Boletos,Atrasada,Sat Dec 25 2021 11:26:56 GMT-0300 (GMT-03:00)
Coty - Loja do Varejo,168,Reprocessar Pedidos com Erro de Captura,Atrasada,Sat Dec 25 2021 11:26:56 GMT-0300 (GMT-03:00)
Coty - Loja do Varejo,188,Importar Produtos,Atrasada,Sat Dec 25 2021 11:26:56 GMT-0300 (GMT-03:00)
Coty - Loja do Varejo,307,Importar Planilha de Promoções,Atrasada,Sat Dec 25 2021 11:26:56 GMT-0300 (GMT-03:00)
Coty - Loja do Varejo,193,Disparar Emails,Atrasada,Sat Dec 25 2021 11:26:56 GMT-0300 (GMT-03:00)
Coty - Loja do Varejo,304,Integração Notificação Neurotech,Atrasada,Sat Dec 25 2021 11:26:56 GMT-0300 (GMT-03:00)
Coty - Loja do Varejo,305,Integração Status Neurotech,Atrasada,Sat Dec 25 2021 11:26:56 GMT-0300 (GMT-03:00)
Coty - Loja do Varejo,306,Integração Importação Neurotech,Atrasada,Sat Dec 25 2021 11:26:56 GMT-0300 (GMT-03:00)
Coty - Loja do Varejo,173,Consultar Resultado da Análise de Risco Massivo,Atrasada,Sat Dec 25 2021 11:26:56 GMT-0300 (GMT-03:00)
Coty - Loja do Varejo,182,Integração Estoque,Atrasada,Sat Dec 25 2021 11:26:56 GMT-0300 (GMT-03:00)
Coty - Loja do Varejo,184,Integração Preço,Atrasada,Sat Dec 25 2021 11:26:56 GMT-0300 (GMT-03:00)
Coty - Loja do Varejo,183,Integração Limite de Crédito,Atrasada,Sat Dec 25 2021 11:26:56 GMT-0300 (GMT-03:00)
Coty - Loja do Varejo,185,Importar Cliente,Atrasada,Sat Dec 25 2021 11:26:56 GMT-0300 (GMT-03:00)
Coty - Loja do Varejo,186,Integração Notificação Cliente,Atrasada,Sat Dec 25 2021 11:26:56 GMT-0300 (GMT-03:00)
Coty - Loja do Varejo,187,Integração Status de Cliente,Atrasada,Sat Dec 25 2021 11:26:56 GMT-0300 (GMT-03:00)
Coty - Loja do Varejo,189,Integração de Pedidos (Distribuidor),Atrasada,Sat Dec 25 2021 11:26:56 GMT-0300 (GMT-03:00)
Coty - Loja do Varejo,203,Integração de Pedidos (iHub),Atrasada,Sat Dec 25 2021 11:26:56 GMT-0300 (GMT-03:00)
Coty - Loja do Varejo,213,Integração de Pedidos (Parceiro),Atrasada,Sat Dec 25 2021 11:26:56 GMT-0300 (GMT-03:00)
Coty - Loja do Varejo,190,Integração Pagamento,Atrasada,Sat Dec 25 2021 11:26:56 GMT-0300 (GMT-03:00)
Coty - Loja do Varejo,192,Integração de Tracking,Atrasada,Sat Dec 25 2021 11:26:56 GMT-0300 (GMT-03:00)
AbasteceBem,100,Importar Pedido,Atrasada,Sat Dec 25 2021 11:26:56 GMT-0300 (GMT-03:00)
AbasteceBem,101,Exportar Pedido,Atrasada,Sat Dec 25 2021 11:26:56 GMT-0300 (GMT-03:00)
AbasteceBem,102,Importar Pedido para Análise de Pagamento,Atrasada,Sat Dec 25 2021 11:26:56 GMT-0300 (GMT-03:00)
AbasteceBem,103,Enviar Pedido para Autorização,Atrasada,Sat Dec 25 2021 11:26:56 GMT-0300 (GMT-03:00)
AbasteceBem,104,Enviar Pedido para Análise de Risco,Atrasada,Sat Dec 25 2021 11:26:56 GMT-0300 (GMT-03:00)
AbasteceBem,106,Enviar Pedido para Captura,Atrasada,Sat Dec 25 2021 11:26:56 GMT-0300 (GMT-03:00)
AbasteceBem,173,Consultar Resultado da Análise de Risco Massivo,Atrasada,Sat Dec 25 2021 11:26:56 GMT-0300 (GMT-03:00)
AbasteceBem,174,Confirmar Resultado da Análise de Risco,Atrasada,Sat Dec 25 2021 11:26:56 GMT-0300 (GMT-03:00)
AbasteceBem,107,Consultar Resultado da Análise de Pagamento,Atrasada,Sat Dec 25 2021 11:26:56 GMT-0300 (GMT-03:00)
AbasteceBem,208,Envio automático de relatórios,Atrasada,Sat Dec 25 2021 11:26:56 GMT-0300 (GMT-03:00)
AbasteceBem,209,Importar Fretes,Atrasada,Sat Dec 25 2021 11:26:56 GMT-0300 (GMT-03:00)
AbasteceBem,108,Concluir a Análise de Pagamento do Pedido,Atrasada,Sat Dec 25 2021 11:26:56 GMT-0300 (GMT-03:00)
AbasteceBem,109,Enviar Status de Pagamento para a Análise de Risco,Atrasada,Sat Dec 25 2021 11:26:56 GMT-0300 (GMT-03:00)
AbasteceBem,133,Realizar Baixa de Boletos,Atrasada,Sat Dec 25 2021 11:26:56 GMT-0300 (GMT-03:00)
AbasteceBem,168,Reprocessar Pedidos com Erro de Captura,Atrasada,Sat Dec 25 2021 11:26:56 GMT-0300 (GMT-03:00)
AbasteceBem,188,Importar Produtos,Atrasada,Sat Dec 25 2021 11:26:56 GMT-0300 (GMT-03:00)
AbasteceBem,219,Importar Planilha de Promoções,Atrasada,Sat Dec 25 2021 11:26:56 GMT-0300 (GMT-03:00)
AbasteceBem,193,Disparar Emails,Atrasada,Sat Dec 25 2021 11:26:56 GMT-0300 (GMT-03:00)
AbasteceBem,304,Integração Notificação Neurotech,Atrasada,Sat Dec 25 2021 11:26:56 GMT-0300 (GMT-03:00)
AbasteceBem,305,Integração Status Neurotech,Atrasada,Sat Dec 25 2021 11:26:56 GMT-0300 (GMT-03:00)
AbasteceBem,306,Integração Importação Neurotech,Atrasada,Sat Dec 25 2021 11:26:56 GMT-0300 (GMT-03:00)
AbasteceBem,182,Integração Estoque,Atrasada,Sat Dec 25 2021 11:26:56 GMT-0300 (GMT-03:00)
AbasteceBem,184,Integração Preço,Atrasada,Sat Dec 25 2021 11:26:56 GMT-0300 (GMT-03:00)
AbasteceBem,183,Integração Limite de Crédito,Atrasada,Sat Dec 25 2021 11:26:56 GMT-0300 (GMT-03:00)
AbasteceBem,185,Importar Cliente,Atrasada,Sat Dec 25 2021 11:26:56 GMT-0300 (GMT-03:00)
AbasteceBem,186,Integração Notificação Cliente,Atrasada,Sat Dec 25 2021 11:26:56 GMT-0300 (GMT-03:00)
AbasteceBem,187,Integração Status de Cliente,Atrasada,Sat Dec 25 2021 11:26:56 GMT-0300 (GMT-03:00)
AbasteceBem,189,Integração de Pedidos (Distribuidor),Atrasada,Sat Dec 25 2021 11:26:56 GMT-0300 (GMT-03:00)
AbasteceBem,203,Integração de Pedidos (iHub),Atrasada,Sat Dec 25 2021 11:26:56 GMT-0300 (GMT-03:00)
AbasteceBem,213,Integração de Pedidos (Parceiro),Atrasada,Sat Dec 25 2021 11:26:56 GMT-0300 (GMT-03:00)
AbasteceBem,190,Integração Pagamento,Atrasada,Sat Dec 25 2021 11:26:56 GMT-0300 (GMT-03:00)
AbasteceBem,192,Integração de Tracking,Atrasada,Sat Dec 25 2021 11:26:56 GMT-0300 (GMT-03:00)
AbasteceBem,198,Integração de Política de Preço,Atrasada,Sat Dec 25 2021 11:26:56 GMT-0300 (GMT-03:00)
AbasteceBem,194,Integrações B2B,Atrasada,Sat Dec 25 2021 11:26:56 GMT-0300 (GMT-03:00)
Unilever,402,Atualizar Cliente TradeMaster,Atrasada,Sat Dec 25 2021 11:33:06 GMT-0300 (GMT-03:00)
Unilever,402,Atualizar Cliente TradeMaster,Normalizada,Sat Dec 25 2021 11:34:06 GMT-0300 (GMT-03:00)
Coty - Loja do Varejo,206,Alimentar PedidosBI Hora,Parada,Sat Dec 25 2021 11:35:06 GMT-0300 (GMT-03:00)
Unilever,402,Atualizar Cliente TradeMaster,Atrasada,Sat Dec 25 2021 11:39:06 GMT-0300 (GMT-03:00)
Unilever,402,Atualizar Cliente TradeMaster,Normalizada,Sat Dec 25 2021 11:41:06 GMT-0300 (GMT-03:00)
Unilever,402,Atualizar Cliente TradeMaster,Atrasada,Sat Dec 25 2021 11:46:06 GMT-0300 (GMT-03:00)
Unilever,402,Atualizar Cliente TradeMaster,Normalizada,Sat Dec 25 2021 11:48:06 GMT-0300 (GMT-03:00)
Unilever,402,Atualizar Cliente TradeMaster,Atrasada,Sat Dec 25 2021 11:53:06 GMT-0300 (GMT-03:00)
Unilever,402,Atualizar Cliente TradeMaster,Normalizada,Sat Dec 25 2021 11:55:06 GMT-0300 (GMT-03:00)
Unilever,402,Atualizar Cliente TradeMaster,Atrasada,Sat Dec 25 2021 12:00:06 GMT-0300 (GMT-03:00)
Unilever,402,Atualizar Cliente TradeMaster,Normalizada,Sat Dec 25 2021 12:02:06 GMT-0300 (GMT-03:00)
Unilever,402,Atualizar Cliente TradeMaster,Atrasada,Sat Dec 25 2021 12:07:06 GMT-0300 (GMT-03:00)
Unilever,402,Atualizar Cliente TradeMaster,Normalizada,Sat Dec 25 2021 12:08:06 GMT-0300 (GMT-03:00)
Unilever,402,Atualizar Cliente TradeMaster,Atrasada,Sat Dec 25 2021 12:14:06 GMT-0300 (GMT-03:00)
Climate,300,Gerar Chaves Assimétricas,Normalizada,Sat Dec 25 2021 12:30:06 GMT-0300 (GMT-03:00)
Coty - Loja do Varejo,204,Enviar carrinhos abandonados para o parceiro MarketingTech,Normalizada,Sat Dec 25 2021 12:31:06 GMT-0300 (GMT-03:00)
Coty - Loja do Varejo,206,Alimentar PedidosBI Hora,Normalizada,Sat Dec 25 2021 12:31:06 GMT-0300 (GMT-03:00)
Coty - Loja do Varejo,198,Integração de Política de Preço,Normalizada,Sat Dec 25 2021 12:31:06 GMT-0300 (GMT-03:00)
Unilever,402,Atualizar Cliente TradeMaster,Atrasada,Sat Dec 25 2021 12:34:06 GMT-0300 (GMT-03:00)
Climate,300,Gerar Chaves Assimétricas,Atrasada,Sat Dec 25 2021 12:35:06 GMT-0300 (GMT-03:00)
Unilever,402,Atualizar Cliente TradeMaster,Normalizada,Sat Dec 25 2021 12:36:06 GMT-0300 (GMT-03:00)
Coty - Loja do Varejo,198,Integração de Política de Preço,Atrasada,Sat Dec 25 2021 12:36:06 GMT-0300 (GMT-03:00)
Coty - Loja do Varejo,204,Enviar carrinhos abandonados para o parceiro MarketingTech,Atrasada,Sat Dec 25 2021 12:38:06 GMT-0300 (GMT-03:00)
Unilever,402,Atualizar Cliente TradeMaster,Atrasada,Sat Dec 25 2021 12:41:06 GMT-0300 (GMT-03:00)
Unilever,402,Atualizar Cliente TradeMaster,Normalizada,Sat Dec 25 2021 12:43:06 GMT-0300 (GMT-03:00)
Unilever,402,Atualizar Cliente TradeMaster,Atrasada,Sat Dec 25 2021 12:48:06 GMT-0300 (GMT-03:00)
Unilever,402,Atualizar Cliente TradeMaster,Normalizada,Sat Dec 25 2021 12:50:06 GMT-0300 (GMT-03:00)
Unilever,402,Atualizar Cliente TradeMaster,Atrasada,Sat Dec 25 2021 12:55:06 GMT-0300 (GMT-03:00)
Unilever,402,Atualizar Cliente TradeMaster,Normalizada,Sat Dec 25 2021 12:57:06 GMT-0300 (GMT-03:00)
Unilever,402,Atualizar Cliente TradeMaster,Atrasada,Sat Dec 25 2021 13:02:06 GMT-0300 (GMT-03:00)
Unilever,402,Atualizar Cliente TradeMaster,Atrasada,Sat Dec 25 2021 13:51:06 GMT-0300 (GMT-03:00)
Unilever,402,Atualizar Cliente TradeMaster,Normalizada,Sat Dec 25 2021 13:53:06 GMT-0300 (GMT-03:00)
Unilever,402,Atualizar Cliente TradeMaster,Atrasada,Sat Dec 25 2021 13:58:06 GMT-0300 (GMT-03:00)
Unilever,402,Atualizar Cliente TradeMaster,Normalizada,Sat Dec 25 2021 14:00:06 GMT-0300 (GMT-03:00)
Unilever,402,Atualizar Cliente TradeMaster,Atrasada,Sat Dec 25 2021 14:05:06 GMT-0300 (GMT-03:00)
Unilever,402,Atualizar Cliente TradeMaster,Normalizada,Sat Dec 25 2021 14:11:06 GMT-0300 (GMT-03:00)
Unilever,402,Atualizar Cliente TradeMaster,Atrasada,Sat Dec 25 2021 14:16:06 GMT-0300 (GMT-03:00)
Unilever,402,Atualizar Cliente TradeMaster,Normalizada,Sat Dec 25 2021 14:18:06 GMT-0300 (GMT-03:00)
Unilever,402,Atualizar Cliente TradeMaster,Atrasada,Sat Dec 25 2021 14:23:06 GMT-0300 (GMT-03:00)
Unilever,402,Atualizar Cliente TradeMaster,Normalizada,Sat Dec 25 2021 14:25:06 GMT-0300 (GMT-03:00)
Unilever,519,Sumarizao de Produtos,Normalizada,Sat Dec 25 2021 14:28:06 GMT-0300 (GMT-03:00)
Unilever,402,Atualizar Cliente TradeMaster,Atrasada,Sat Dec 25 2021 14:30:06 GMT-0300 (GMT-03:00)
Unilever,402,Atualizar Cliente TradeMaster,Normalizada,Sat Dec 25 2021 14:32:06 GMT-0300 (GMT-03:00)
Unilever,402,Atualizar Cliente TradeMaster,Atrasada,Sat Dec 25 2021 14:37:06 GMT-0300 (GMT-03:00)
Unilever,402,Atualizar Cliente TradeMaster,Normalizada,Sat Dec 25 2021 14:39:06 GMT-0300 (GMT-03:00)
Unilever,402,Atualizar Cliente TradeMaster,Atrasada,Sat Dec 25 2021 14:44:06 GMT-0300 (GMT-03:00)
Unilever,402,Atualizar Cliente TradeMaster,Normalizada,Sat Dec 25 2021 14:46:06 GMT-0300 (GMT-03:00)
Vila Nova,205,Alimentar Pedido Hora,Atrasada,Sat Dec 25 2021 14:50:06 GMT-0300 (GMT-03:00)
Vila Nova,207,Alimentar PedidosBI Dia,Atrasada,Sat Dec 25 2021 14:50:06 GMT-0300 (GMT-03:00)
Unilever,402,Atualizar Cliente TradeMaster,Atrasada,Sat Dec 25 2021 14:51:06 GMT-0300 (GMT-03:00)
Unilever,402,Atualizar Cliente TradeMaster,Normalizada,Sat Dec 25 2021 14:53:06 GMT-0300 (GMT-03:00)
AbasteceBem,205,Alimentar Pedido Hora,Parada,Sat Dec 25 2021 14:54:06 GMT-0300 (GMT-03:00)
AbasteceBem,207,Alimentar PedidosBI Dia,Parada,Sat Dec 25 2021 14:54:06 GMT-0300 (GMT-03:00)
Vila Nova,100,Importar Pedido,Normalizada,Sat Dec 25 2021 15:47:06 GMT-0300 (GMT-03:00)
Vila Nova,101,Exportar Pedido,Normalizada,Sat Dec 25 2021 15:47:06 GMT-0300 (GMT-03:00)
Vila Nova,102,Importar Pedido para Análise de Pagamento,Normalizada,Sat Dec 25 2021 15:47:06 GMT-0300 (GMT-03:00)
Vila Nova,103,Enviar Pedido para Autorização,Normalizada,Sat Dec 25 2021 15:47:06 GMT-0300 (GMT-03:00)
Vila Nova,104,Enviar Pedido para Análise de Risco,Normalizada,Sat Dec 25 2021 15:47:06 GMT-0300 (GMT-03:00)
Vila Nova,173,Consultar Resultado da Análise de Risco Massivo,Normalizada,Sat Dec 25 2021 15:47:06 GMT-0300 (GMT-03:00)
Vila Nova,174,Confirmar Resultado da Análise de Risco,Normalizada,Sat Dec 25 2021 15:47:06 GMT-0300 (GMT-03:00)
Vila Nova,206,Alimentar PedidosBI Hora,Normalizada,Sat Dec 25 2021 15:47:06 GMT-0300 (GMT-03:00)
Vila Nova,208,Envio automático de relatórios,Normalizada,Sat Dec 25 2021 15:47:06 GMT-0300 (GMT-03:00)
Vila Nova,209,Importar Fretes,Normalizada,Sat Dec 25 2021 15:47:06 GMT-0300 (GMT-03:00)
Vila Nova,106,Enviar Pedido para Captura,Normalizada,Sat Dec 25 2021 15:47:06 GMT-0300 (GMT-03:00)
Vila Nova,107,Consultar Resultado da Análise de Pagamento,Normalizada,Sat Dec 25 2021 15:47:06 GMT-0300 (GMT-03:00)
Vila Nova,108,Concluir a Análise de Pagamento do Pedido,Normalizada,Sat Dec 25 2021 15:47:06 GMT-0300 (GMT-03:00)
Vila Nova,109,Enviar Status de Pagamento para a Análise de Risco,Normalizada,Sat Dec 25 2021 15:47:06 GMT-0300 (GMT-03:00)
Vila Nova,133,Realizar Baixa de Boletos,Normalizada,Sat Dec 25 2021 15:47:06 GMT-0300 (GMT-03:00)
Vila Nova,168,Reprocessar Pedidos com Erro de Captura,Normalizada,Sat Dec 25 2021 15:47:06 GMT-0300 (GMT-03:00)
Vila Nova,188,Importar Produtos,Normalizada,Sat Dec 25 2021 15:47:06 GMT-0300 (GMT-03:00)
Vila Nova,307,Importar Planilha de Promoções,Normalizada,Sat Dec 25 2021 15:47:06 GMT-0300 (GMT-03:00)
Vila Nova,193,Disparar Emails,Normalizada,Sat Dec 25 2021 15:47:06 GMT-0300 (GMT-03:00)
Vila Nova,304,Integração Notificação Neurotech,Normalizada,Sat Dec 25 2021 15:47:06 GMT-0300 (GMT-03:00)
Vila Nova,305,Integração Status Neurotech,Normalizada,Sat Dec 25 2021 15:47:06 GMT-0300 (GMT-03:00)
Vila Nova,306,Integração Importação Neurotech,Normalizada,Sat Dec 25 2021 15:47:06 GMT-0300 (GMT-03:00)
Vila Nova,182,Integração Estoque,Normalizada,Sat Dec 25 2021 15:47:06 GMT-0300 (GMT-03:00)
Vila Nova,184,Integração Preço,Normalizada,Sat Dec 25 2021 15:47:06 GMT-0300 (GMT-03:00)
Vila Nova,186,Integração Notificação Cliente,Normalizada,Sat Dec 25 2021 15:47:06 GMT-0300 (GMT-03:00)
Vila Nova,187,Integração Status de Cliente,Normalizada,Sat Dec 25 2021 15:47:06 GMT-0300 (GMT-03:00)
Vila Nova,189,Integração de Pedidos,Normalizada,Sat Dec 25 2021 15:47:06 GMT-0300 (GMT-03:00)
Vila Nova,185,Importar Cliente,Normalizada,Sat Dec 25 2021 15:47:06 GMT-0300 (GMT-03:00)
Vila Nova,183,Integração Limite de Crédito,Normalizada,Sat Dec 25 2021 15:47:06 GMT-0300 (GMT-03:00)
Vila Nova,190,Integração Pagamento,Normalizada,Sat Dec 25 2021 15:47:06 GMT-0300 (GMT-03:00)
Vila Nova,203,Integração de Pedidos (iHub),Normalizada,Sat Dec 25 2021 15:47:06 GMT-0300 (GMT-03:00)
Vila Nova,213,Integração de Pedidos (Parceiro),Normalizada,Sat Dec 25 2021 15:47:06 GMT-0300 (GMT-03:00)
Vila Nova,192,Integração de Tracking,Normalizada,Sat Dec 25 2021 15:47:06 GMT-0300 (GMT-03:00)
Vila Nova,194,Integrações B2B,Normalizada,Sat Dec 25 2021 15:47:06 GMT-0300 (GMT-03:00)
Vila Nova,198,Integração de Política de Preço,Normalizada,Sat Dec 25 2021 15:47:06 GMT-0300 (GMT-03:00)
Unilever,402,Atualizar Cliente TradeMaster,Normalizada,Sat Dec 25 2021 15:49:06 GMT-0300 (GMT-03:00)
Coty - Loja do Varejo,204,Enviar carrinhos abandonados para o parceiro MarketingTech,Normalizada,Sat Dec 25 2021 15:52:06 GMT-0300 (GMT-03:00)
Coty - Loja do Varejo,206,Alimentar PedidosBI Hora,Normalizada,Sat Dec 25 2021 15:52:06 GMT-0300 (GMT-03:00)
Coty - Loja do Varejo,198,Integração de Política de Preço,Normalizada,Sat Dec 25 2021 15:52:06 GMT-0300 (GMT-03:00)
Vila Nova,220,Enfileirar e Reenfileirar EMail de Filial Pendente,Normalizada,Sat Dec 25 2021 15:53:06 GMT-0300 (GMT-03:00)
Josapar,204,Enviar carrinhos abandonados para o parceiro MarketingTech,Normalizada,Sat Dec 25 2021 15:53:06 GMT-0300 (GMT-03:00)
Josapar,206,Alimentar PedidosBI Hora,Normalizada,Sat Dec 25 2021 15:53:06 GMT-0300 (GMT-03:00)
Unilever,402,Atualizar Cliente TradeMaster,Atrasada,Sat Dec 25 2021 15:53:49 GMT-0300 (GMT-03:00)
Vila Nova,205,Alimentar Pedido Hora,Normalizada,Sat Dec 25 2021 15:53:49 GMT-0300 (GMT-03:00)
Vila Nova,207,Alimentar PedidosBI Dia,Normalizada,Sat Dec 25 2021 15:53:49 GMT-0300 (GMT-03:00)
Climate,300,Gerar Chaves Assimétricas,Normalizada,Sat Dec 25 2021 15:55:06 GMT-0300 (GMT-03:00)
Unilever,402,Atualizar Cliente TradeMaster,Normalizada,Sat Dec 25 2021 15:55:50 GMT-0300 (GMT-03:00)
Vila Nova,220,Enfileirar e Reenfileirar EMail de Filial Pendente,Parada,Sat Dec 25 2021 15:58:06 GMT-0300 (GMT-03:00)
Unilever,519,Sumarizao de Produtos,Atrasada,Sat Dec 25 2021 15:59:06 GMT-0300 (GMT-03:00)
Coty - Loja do Varejo,204,Enviar carrinhos abandonados para o parceiro MarketingTech,Parada,Sat Dec 25 2021 15:59:06 GMT-0300 (GMT-03:00)
Josapar,204,Enviar carrinhos abandonados para o parceiro MarketingTech,Parada,Sat Dec 25 2021 16:00:06 GMT-0300 (GMT-03:00)
Climate,300,Gerar Chaves Assimétricas,Atrasada,Sat Dec 25 2021 16:00:06 GMT-0300 (GMT-03:00)
Unilever,402,Atualizar Cliente TradeMaster,Atrasada,Sat Dec 25 2021 16:01:06 GMT-0300 (GMT-03:00)
Unilever,402,Atualizar Cliente TradeMaster,Normalizada,Sat Dec 25 2021 16:03:06 GMT-0300 (GMT-03:00)
Unilever,402,Atualizar Cliente TradeMaster,Atrasada,Sat Dec 25 2021 16:08:06 GMT-0300 (GMT-03:00)
Unilever,402,Atualizar Cliente TradeMaster,Normalizada,Sat Dec 25 2021 16:10:06 GMT-0300 (GMT-03:00)
Unilever,402,Atualizar Cliente TradeMaster,Atrasada,Sat Dec 25 2021 16:15:06 GMT-0300 (GMT-03:00)
Unilever,402,Atualizar Cliente TradeMaster,Normalizada,Sat Dec 25 2021 16:17:06 GMT-0300 (GMT-03:00)
Unilever,519,Sumarizao de Produtos,Normalizada,Sat Dec 25 2021 16:18:06 GMT-0300 (GMT-03:00)
Unilever,402,Atualizar Cliente TradeMaster,Atrasada,Sat Dec 25 2021 16:22:06 GMT-0300 (GMT-03:00)
Unilever,402,Atualizar Cliente TradeMaster,Normalizada,Sat Dec 25 2021 16:24:06 GMT-0300 (GMT-03:00)
Unilever,402,Atualizar Cliente TradeMaster,Atrasada,Sat Dec 25 2021 16:29:06 GMT-0300 (GMT-03:00)
Vila Nova,206,Alimentar PedidosBI Hora,Atrasada,Sat Dec 25 2021 16:30:06 GMT-0300 (GMT-03:00)
Unilever,402,Atualizar Cliente TradeMaster,Normalizada,Sat Dec 25 2021 16:31:06 GMT-0300 (GMT-03:00)
Unilever,402,Atualizar Cliente TradeMaster,Atrasada,Sat Dec 25 2021 16:36:06 GMT-0300 (GMT-03:00)
Unilever,402,Atualizar Cliente TradeMaster,Normalizada,Sat Dec 25 2021 16:38:06 GMT-0300 (GMT-03:00)
Unilever,402,Atualizar Cliente TradeMaster,Atrasada,Sat Dec 25 2021 16:43:06 GMT-0300 (GMT-03:00)
Unilever,402,Atualizar Cliente TradeMaster,Normalizada,Sat Dec 25 2021 16:45:06 GMT-0300 (GMT-03:00)
Unilever,402,Atualizar Cliente TradeMaster,Atrasada,Sat Dec 25 2021 16:50:06 GMT-0300 (GMT-03:00)
Unilever,402,Atualizar Cliente TradeMaster,Normalizada,Sat Dec 25 2021 16:52:06 GMT-0300 (GMT-03:00)
Unilever,402,Atualizar Cliente TradeMaster,Atrasada,Sat Dec 25 2021 16:57:06 GMT-0300 (GMT-03:00)
Josapar,206,Alimentar PedidosBI Hora,Parada,Sat Dec 25 2021 16:57:06 GMT-0300 (GMT-03:00)
Coty - Loja do Varejo,206,Alimentar PedidosBI Hora,Parada,Sat Dec 25 2021 16:57:06 GMT-0300 (GMT-03:00)
Unilever,402,Atualizar Cliente TradeMaster,Normalizada,Sat Dec 25 2021 16:59:06 GMT-0300 (GMT-03:00)
Unilever,402,Atualizar Cliente TradeMaster,Atrasada,Sat Dec 25 2021 17:04:06 GMT-0300 (GMT-03:00)
Unilever,402,Atualizar Cliente TradeMaster,Normalizada,Sat Dec 25 2021 17:06:06 GMT-0300 (GMT-03:00)
Unilever,402,Atualizar Cliente TradeMaster,Atrasada,Sat Dec 25 2021 17:11:06 GMT-0300 (GMT-03:00)
Unilever,402,Atualizar Cliente TradeMaster,Normalizada,Sat Dec 25 2021 17:13:06 GMT-0300 (GMT-03:00)
Unilever,402,Atualizar Cliente TradeMaster,Atrasada,Sat Dec 25 2021 17:18:06 GMT-0300 (GMT-03:00)
Unilever,402,Atualizar Cliente TradeMaster,Normalizada,Sat Dec 25 2021 17:20:06 GMT-0300 (GMT-03:00)
Unilever,519,Sumarizao de Produtos,Atrasada,Sat Dec 25 2021 17:23:06 GMT-0300 (GMT-03:00)
Unilever,402,Atualizar Cliente TradeMaster,Atrasada,Sat Dec 25 2021 17:25:06 GMT-0300 (GMT-03:00)
Unilever,402,Atualizar Cliente TradeMaster,Normalizada,Sat Dec 25 2021 17:27:06 GMT-0300 (GMT-03:00)
Unilever,402,Atualizar Cliente TradeMaster,Atrasada,Sat Dec 25 2021 17:32:06 GMT-0300 (GMT-03:00)
Unilever,402,Atualizar Cliente TradeMaster,Normalizada,Sat Dec 25 2021 17:34:06 GMT-0300 (GMT-03:00)
Unilever,402,Atualizar Cliente TradeMaster,Atrasada,Sat Dec 25 2021 17:39:06 GMT-0300 (GMT-03:00)
Unilever,402,Atualizar Cliente TradeMaster,Normalizada,Sat Dec 25 2021 17:41:06 GMT-0300 (GMT-03:00)
Unilever,402,Atualizar Cliente TradeMaster,Atrasada,Sat Dec 25 2021 17:46:06 GMT-0300 (GMT-03:00)